,location,truth_date,year_week,value,data_source
181,AT,2017/10/8,2017-W40,289.1,ERVISS
180,AT,2017/10/15,2017-W41,616.3,ERVISS
179,AT,2017/10/22,2017-W42,552.6,ERVISS
178,AT,2017/10/29,2017-W43,508.1,ERVISS
177,AT,2017/11/5,2017-W44,430.3,ERVISS
176,AT,2017/11/12,2017-W45,688.9,ERVISS
175,AT,2017/11/19,2017-W46,594.9,ERVISS
174,AT,2017/11/26,2017-W47,614.0,ERVISS
173,AT,2017/12/3,2017-W48,654.4,ERVISS
172,AT,2017/12/10,2017-W49,628.1,ERVISS
171,AT,2017/12/17,2017-W50,806.4,ERVISS
170,AT,2017/12/24,2017-W51,849.8,ERVISS
169,AT,2017/12/31,2017-W52,483.4,ERVISS
168,AT,2018/1/7,2018-W01,944.2,ERVISS
167,AT,2018/1/14,2018-W02,1014.7,ERVISS
166,AT,2018/1/21,2018-W03,1152.2,ERVISS
165,AT,2018/1/28,2018-W04,1357.8,ERVISS
164,AT,2018/2/4,2018-W05,1497.2,ERVISS
163,AT,2018/2/11,2018-W06,1729.8,ERVISS
162,AT,2018/2/18,2018-W07,1792.9,ERVISS
161,AT,2018/2/25,2018-W08,1480.5,ERVISS
160,AT,2018/3/4,2018-W09,1428.7,ERVISS
159,AT,2018/3/11,2018-W10,1331.2,ERVISS
158,AT,2018/3/18,2018-W11,938.0,ERVISS
157,AT,2018/3/25,2018-W12,812.0,ERVISS
156,AT,2018/4/1,2018-W13,639.5,ERVISS
155,AT,2018/4/8,2018-W14,221.4,ERVISS
153,AT,2018/10/7,2018-W40,439.5,ERVISS
152,AT,2018/10/14,2018-W41,439.4,ERVISS
151,AT,2018/10/21,2018-W42,602.7,ERVISS
150,AT,2018/10/28,2018-W43,459.8,ERVISS
149,AT,2018/11/4,2018-W44,490.7,ERVISS
148,AT,2018/11/11,2018-W45,654.2,ERVISS
147,AT,2018/11/18,2018-W46,697.1,ERVISS
146,AT,2018/11/25,2018-W47,763.8,ERVISS
145,AT,2018/12/2,2018-W48,707.2,ERVISS
144,AT,2018/12/9,2018-W49,654.5,ERVISS
143,AT,2018/12/16,2018-W50,686.3,ERVISS
142,AT,2018/12/23,2018-W51,772.1,ERVISS
141,AT,2019/1/13,2019-W02,786.9,ERVISS
140,AT,2019/1/20,2019-W03,855.4,ERVISS
139,AT,2019/1/27,2019-W04,1022.4,ERVISS
138,AT,2019/2/3,2019-W05,1264.8,ERVISS
137,AT,2019/2/10,2019-W06,1367.1,ERVISS
136,AT,2019/2/17,2019-W07,1209.2,ERVISS
135,AT,2019/2/24,2019-W08,1156.0,ERVISS
134,AT,2019/3/3,2019-W09,1122.3,ERVISS
133,AT,2019/3/10,2019-W10,947.8,ERVISS
132,AT,2019/3/17,2019-W11,702.9,ERVISS
131,AT,2019/3/24,2019-W12,618.3,ERVISS
130,AT,2019/3/31,2019-W13,560.7,ERVISS
129,AT,2019/4/7,2019-W14,352.5,ERVISS
26,AT,2023/10/8,2023-W40,1467.7,ERVISS
25,AT,2023/10/15,2023-W41,1968.7,ERVISS
24,AT,2023/10/22,2023-W42,2114.8,ERVISS
23,AT,2023/10/29,2023-W43,2094.0,ERVISS
22,AT,2023/11/5,2023-W44,2090.6,ERVISS
21,AT,2023/11/12,2023-W45,2248.4,ERVISS
20,AT,2023/11/19,2023-W46,2184.9,ERVISS
19,AT,2023/11/26,2023-W47,2778.6,ERVISS
18,AT,2023/12/3,2023-W48,2395.5,ERVISS
17,AT,2023/12/10,2023-W49,2834.0,ERVISS
16,AT,2023/12/17,2023-W50,3242.5,ERVISS
15,AT,2023/12/24,2023-W51,3209.8,ERVISS
14,AT,2023/12/31,2023-W52,2238.3,ERVISS
13,AT,2024/1/7,2024-W01,2420.4,ERVISS
12,AT,2024/1/14,2024-W02,2343.0,ERVISS
11,AT,2024/1/21,2024-W03,2156.0,ERVISS
10,AT,2024/1/28,2024-W04,3180.1,ERVISS
9,AT,2024/2/4,2024-W05,3161.0,ERVISS
8,AT,2024/2/11,2024-W06,3595.8,ERVISS
7,AT,2024/2/18,2024-W07,2634.8,ERVISS
6,AT,2024/2/25,2024-W08,1945.2,ERVISS
5,AT,2024/3/3,2024-W09,2338.0,ERVISS
4,AT,2024/3/10,2024-W10,1790.0,ERVISS
3,AT,2024/3/17,2024-W11,1798.0,ERVISS
2,AT,2024/3/24,2024-W12,2179.8,ERVISS
1,AT,2024/3/31,2024-W13,1629.1,ERVISS
0,AT,2024/4/7,2024-W14,1512.6,ERVISS
625,BE,2017/10/8,2017-W40,10.5,ERVISS
624,BE,2017/10/15,2017-W41,20.6,ERVISS
623,BE,2017/10/22,2017-W42,11.5,ERVISS
622,BE,2017/10/29,2017-W43,20.6,ERVISS
621,BE,2017/11/5,2017-W44,9.0,ERVISS
620,BE,2017/11/12,2017-W45,13.6,ERVISS
619,BE,2017/11/19,2017-W46,18.9,ERVISS
618,BE,2017/11/26,2017-W47,23.8,ERVISS
617,BE,2017/12/3,2017-W48,29.6,ERVISS
616,BE,2017/12/10,2017-W49,36.5,ERVISS
615,BE,2017/12/17,2017-W50,43.8,ERVISS
614,BE,2017/12/24,2017-W51,52.9,ERVISS
613,BE,2017/12/31,2017-W52,60.7,ERVISS
612,BE,2018/1/7,2018-W01,94.5,ERVISS
611,BE,2018/1/14,2018-W02,176.4,ERVISS
610,BE,2018/1/21,2018-W03,244.4,ERVISS
609,BE,2018/1/28,2018-W04,317.8,ERVISS
608,BE,2018/2/4,2018-W05,410.3,ERVISS
607,BE,2018/2/11,2018-W06,565.1,ERVISS
606,BE,2018/2/18,2018-W07,549.2,ERVISS
605,BE,2018/2/25,2018-W08,606.6,ERVISS
604,BE,2018/3/4,2018-W09,615.0,ERVISS
603,BE,2018/3/11,2018-W10,718.6,ERVISS
602,BE,2018/3/18,2018-W11,538.1,ERVISS
601,BE,2018/3/25,2018-W12,333.2,ERVISS
600,BE,2018/4/1,2018-W13,197.8,ERVISS
599,BE,2018/4/8,2018-W14,68.7,ERVISS
573,BE,2018/10/7,2018-W40,10.0,ERVISS
572,BE,2018/10/14,2018-W41,18.0,ERVISS
571,BE,2018/10/21,2018-W42,17.0,ERVISS
570,BE,2018/10/28,2018-W43,28.5,ERVISS
569,BE,2018/11/4,2018-W44,18.3,ERVISS
568,BE,2018/11/11,2018-W45,37.2,ERVISS
567,BE,2018/11/18,2018-W46,19.8,ERVISS
566,BE,2018/11/25,2018-W47,21.1,ERVISS
565,BE,2018/12/2,2018-W48,42.7,ERVISS
564,BE,2018/12/9,2018-W49,42.7,ERVISS
563,BE,2018/12/16,2018-W50,38.1,ERVISS
562,BE,2018/12/23,2018-W51,34.5,ERVISS
561,BE,2018/12/30,2018-W52,18.2,ERVISS
560,BE,2019/1/6,2019-W01,46.6,ERVISS
559,BE,2019/1/13,2019-W02,62.5,ERVISS
558,BE,2019/1/20,2019-W03,96.3,ERVISS
557,BE,2019/1/27,2019-W04,209.1,ERVISS
556,BE,2019/2/3,2019-W05,365.3,ERVISS
555,BE,2019/2/10,2019-W06,667.6,ERVISS
554,BE,2019/2/17,2019-W07,741.2,ERVISS
553,BE,2019/2/24,2019-W08,658.2,ERVISS
552,BE,2019/3/3,2019-W09,403.3,ERVISS
551,BE,2019/3/10,2019-W10,290.5,ERVISS
550,BE,2019/3/17,2019-W11,168.8,ERVISS
549,BE,2019/3/24,2019-W12,77.5,ERVISS
548,BE,2019/3/31,2019-W13,55.4,ERVISS
547,BE,2019/4/7,2019-W14,38.6,ERVISS
312,BE,2023/10/8,2023-W40,176.7,ERVISS
311,BE,2023/10/15,2023-W41,168.0,ERVISS
310,BE,2023/10/22,2023-W42,179.6,ERVISS
309,BE,2023/10/29,2023-W43,135.6,ERVISS
308,BE,2023/11/5,2023-W44,173.7,ERVISS
307,BE,2023/11/12,2023-W45,209.2,ERVISS
306,BE,2023/11/19,2023-W46,206.9,ERVISS
305,BE,2023/11/26,2023-W47,252.5,ERVISS
304,BE,2023/12/3,2023-W48,276.3,ERVISS
303,BE,2023/12/10,2023-W49,296.7,ERVISS
302,BE,2023/12/17,2023-W50,466.9,ERVISS
301,BE,2023/12/24,2023-W51,533.4,ERVISS
300,BE,2023/12/31,2023-W52,191.8,ERVISS
299,BE,2024/1/7,2024-W01,264.1,ERVISS
298,BE,2024/1/14,2024-W02,366.0,ERVISS
297,BE,2024/1/21,2024-W03,395.9,ERVISS
296,BE,2024/1/28,2024-W04,787.6,ERVISS
295,BE,2024/2/4,2024-W05,732.3,ERVISS
294,BE,2024/2/11,2024-W06,701.2,ERVISS
293,BE,2024/2/18,2024-W07,350.4,ERVISS
292,BE,2024/2/25,2024-W08,416.2,ERVISS
291,BE,2024/3/3,2024-W09,287.1,ERVISS
290,BE,2024/3/10,2024-W10,154.0,ERVISS
289,BE,2024/3/17,2024-W11,191.4,ERVISS
288,BE,2024/3/24,2024-W12,93.9,ERVISS
287,BE,2024/3/31,2024-W13,118.1,ERVISS
286,BE,2024/4/7,2024-W14,120.6,ERVISS
10607,CH,2023/10/8,2023-W40,31.8248361,FluID
10608,CH,2023/10/15,2023-W41,36.7416759,FluID
10609,CH,2023/10/22,2023-W42,48.47388946,FluID
10610,CH,2023/10/29,2023-W43,64.41112702,FluID
10611,CH,2023/11/5,2023-W44,50.92668376,FluID
10612,CH,2023/11/12,2023-W45,70.40465363,FluID
10613,CH,2023/11/19,2023-W46,72.96811855,FluID
10614,CH,2023/11/26,2023-W47,74.45764375,FluID
10615,CH,2023/12/3,2023-W48,89.9110354,FluID
10616,CH,2023/12/10,2023-W49,77.47328973,FluID
10617,CH,2023/12/17,2023-W50,91.03777513,FluID
10618,CH,2023/12/24,2023-W51,93.51284603,FluID
10619,CH,2023/12/31,2023-W52,76.11337433,FluID
10620,CH,2024/1/7,2024-W01,68.41785629,FluID
10621,CH,2024/1/14,2024-W02,106.9409208,FluID
10622,CH,2024/1/21,2024-W03,126.5518347,FluID
10623,CH,2024/1/28,2024-W04,133.6727459,FluID
10624,CH,2024/2/4,2024-W05,155.0839552,FluID
10625,CH,2024/2/11,2024-W06,148.6785451,FluID
10626,CH,2024/2/18,2024-W07,87.23843936,FluID
10627,CH,2024/2/25,2024-W08,103.2365244,FluID
10628,CH,2024/3/3,2024-W09,76.08837608,FluID
10629,CH,2024/3/10,2024-W10,71.13434465,FluID
10630,CH,2024/3/17,2024-W11,54.86059124,FluID
10631,CH,2024/3/24,2024-W12,46.36525388,FluID
10632,CH,2024/3/31,2024-W13,43.92232959,FluID
10633,CH,2024/4/7,2024-W14,46.07251345,FluID
1195,CY,2017/10/8,2017-W40,900.0,ERVISS
1194,CY,2017/10/15,2017-W41,900.0,ERVISS
1193,CY,2017/10/22,2017-W42,1100.0,ERVISS
1192,CY,2017/10/29,2017-W43,600.0,ERVISS
1191,CY,2017/11/5,2017-W44,500.0,ERVISS
1190,CY,2017/11/12,2017-W45,0.0,ERVISS
1189,CY,2017/11/19,2017-W46,0.0,ERVISS
1188,CY,2017/11/26,2017-W47,0.0,ERVISS
1187,CY,2017/12/3,2017-W48,0.0,ERVISS
1186,CY,2017/12/10,2017-W49,200.0,ERVISS
1185,CY,2017/12/17,2017-W50,0.0,ERVISS
1184,CY,2017/12/24,2017-W51,0.0,ERVISS
1183,CY,2017/12/31,2017-W52,0.0,ERVISS
1182,CY,2018/1/7,2018-W01,3700.0,ERVISS
1181,CY,2018/1/14,2018-W02,1900.0,ERVISS
1180,CY,2018/1/21,2018-W03,3600.0,ERVISS
1179,CY,2018/1/28,2018-W04,2100.0,ERVISS
1178,CY,2018/2/4,2018-W05,7700.0,ERVISS
1177,CY,2018/2/11,2018-W06,9400.0,ERVISS
1176,CY,2018/2/18,2018-W07,5100.0,ERVISS
1175,CY,2018/2/25,2018-W08,3800.0,ERVISS
1174,CY,2018/3/4,2018-W09,4200.0,ERVISS
1173,CY,2018/3/11,2018-W10,2300.0,ERVISS
1172,CY,2018/3/18,2018-W11,2000.0,ERVISS
1171,CY,2018/3/25,2018-W12,2800.0,ERVISS
1170,CY,2018/4/1,2018-W13,2600.0,ERVISS
1169,CY,2018/4/8,2018-W14,1400.0,ERVISS
1144,CY,2018/10/7,2018-W40,2400.0,ERVISS
1143,CY,2018/10/14,2018-W41,2100.0,ERVISS
1142,CY,2018/10/21,2018-W42,400.0,ERVISS
1141,CY,2018/10/28,2018-W43,1200.0,ERVISS
1140,CY,2018/11/4,2018-W44,1400.0,ERVISS
1139,CY,2018/11/11,2018-W45,1100.0,ERVISS
1138,CY,2018/11/18,2018-W46,1500.0,ERVISS
1137,CY,2018/11/25,2018-W47,4900.0,ERVISS
1136,CY,2018/12/2,2018-W48,1600.0,ERVISS
1135,CY,2018/12/9,2018-W49,1700.0,ERVISS
1134,CY,2018/12/16,2018-W50,1000.0,ERVISS
1133,CY,2018/12/23,2018-W51,6400.0,ERVISS
1132,CY,2018/12/30,2018-W52,0.0,ERVISS
1131,CY,2019/1/6,2019-W01,5600.0,ERVISS
1130,CY,2019/1/13,2019-W02,3200.0,ERVISS
1129,CY,2019/1/20,2019-W03,8100.0,ERVISS
1128,CY,2019/1/27,2019-W04,8500.0,ERVISS
1127,CY,2019/2/3,2019-W05,8500.0,ERVISS
1126,CY,2019/2/10,2019-W06,7900.0,ERVISS
1125,CY,2019/2/17,2019-W07,4800.0,ERVISS
1124,CY,2019/2/24,2019-W08,3100.0,ERVISS
1123,CY,2019/3/3,2019-W09,2900.0,ERVISS
1122,CY,2019/3/10,2019-W10,3000.0,ERVISS
1121,CY,2019/3/17,2019-W11,200.0,ERVISS
1120,CY,2019/3/24,2019-W12,3200.0,ERVISS
1119,CY,2019/3/31,2019-W13,2600.0,ERVISS
1118,CY,2019/4/7,2019-W14,500.0,ERVISS
1712,CZ,2017/10/8,2017-W40,14.8,ERVISS
1711,CZ,2017/10/15,2017-W41,16.5,ERVISS
1710,CZ,2017/10/22,2017-W42,15.0,ERVISS
1709,CZ,2017/10/29,2017-W43,13.8,ERVISS
1708,CZ,2017/11/5,2017-W44,15.5,ERVISS
1707,CZ,2017/11/12,2017-W45,16.1,ERVISS
1706,CZ,2017/11/19,2017-W46,14.3,ERVISS
1705,CZ,2017/11/26,2017-W47,19.2,ERVISS
1704,CZ,2017/12/3,2017-W48,22.2,ERVISS
1703,CZ,2017/12/10,2017-W49,24.2,ERVISS
1702,CZ,2017/12/17,2017-W50,27.6,ERVISS
1701,CZ,2017/12/24,2017-W51,21.4,ERVISS
1700,CZ,2017/12/31,2017-W52,12.8,ERVISS
1699,CZ,2018/1/7,2018-W01,21.5,ERVISS
1698,CZ,2018/1/14,2018-W02,28.9,ERVISS
1697,CZ,2018/1/21,2018-W03,46.5,ERVISS
1696,CZ,2018/1/28,2018-W04,102.1,ERVISS
1695,CZ,2018/2/4,2018-W05,159.9,ERVISS
1694,CZ,2018/2/11,2018-W06,234.9,ERVISS
1693,CZ,2018/2/18,2018-W07,272.6,ERVISS
1692,CZ,2018/2/25,2018-W08,292.3,ERVISS
1691,CZ,2018/3/4,2018-W09,278.3,ERVISS
1690,CZ,2018/3/11,2018-W10,248.7,ERVISS
1689,CZ,2018/3/18,2018-W11,199.6,ERVISS
1688,CZ,2018/3/25,2018-W12,116.5,ERVISS
1687,CZ,2018/4/1,2018-W13,60.0,ERVISS
1686,CZ,2018/4/8,2018-W14,39.4,ERVISS
1660,CZ,2018/10/7,2018-W40,12.8,ERVISS
1659,CZ,2018/10/14,2018-W41,11.6,ERVISS
1658,CZ,2018/10/21,2018-W42,13.0,ERVISS
1657,CZ,2018/10/28,2018-W43,13.8,ERVISS
1656,CZ,2018/11/4,2018-W44,14.1,ERVISS
1655,CZ,2018/11/11,2018-W45,16.2,ERVISS
1654,CZ,2018/11/18,2018-W46,15.9,ERVISS
1653,CZ,2018/11/25,2018-W47,18.1,ERVISS
1652,CZ,2018/12/2,2018-W48,20.6,ERVISS
1651,CZ,2018/12/9,2018-W49,19.7,ERVISS
1650,CZ,2018/12/16,2018-W50,23.0,ERVISS
1649,CZ,2018/12/23,2018-W51,22.9,ERVISS
1648,CZ,2018/12/30,2018-W52,9.0,ERVISS
1647,CZ,2019/1/6,2019-W01,16.7,ERVISS
1646,CZ,2019/1/13,2019-W02,27.3,ERVISS
1645,CZ,2019/1/20,2019-W03,34.2,ERVISS
1644,CZ,2019/1/27,2019-W04,72.2,ERVISS
1643,CZ,2019/2/3,2019-W05,140.9,ERVISS
1642,CZ,2019/2/10,2019-W06,173.8,ERVISS
1641,CZ,2019/2/17,2019-W07,177.9,ERVISS
1640,CZ,2019/2/24,2019-W08,143.3,ERVISS
1639,CZ,2019/3/3,2019-W09,88.2,ERVISS
1638,CZ,2019/3/10,2019-W10,57.1,ERVISS
1637,CZ,2019/3/17,2019-W11,34.8,ERVISS
1636,CZ,2019/3/24,2019-W12,24.8,ERVISS
1635,CZ,2019/3/31,2019-W13,17.7,ERVISS
1634,CZ,2019/4/7,2019-W14,13.5,ERVISS
1399,CZ,2023/10/8,2023-W40,10.2,ERVISS
1398,CZ,2023/10/15,2023-W41,11.9,ERVISS
1397,CZ,2023/10/22,2023-W42,13.8,ERVISS
1396,CZ,2023/10/29,2023-W43,14.0,ERVISS
1395,CZ,2023/11/5,2023-W44,14.9,ERVISS
1394,CZ,2023/11/12,2023-W45,17.4,ERVISS
1393,CZ,2023/11/19,2023-W46,12.4,ERVISS
1392,CZ,2023/11/26,2023-W47,22.5,ERVISS
1391,CZ,2023/12/3,2023-W48,27.7,ERVISS
1390,CZ,2023/12/10,2023-W49,36.7,ERVISS
1389,CZ,2023/12/17,2023-W50,41.7,ERVISS
1388,CZ,2023/12/24,2023-W51,42.2,ERVISS
1387,CZ,2023/12/31,2023-W52,29.3,ERVISS
1386,CZ,2024/1/7,2024-W01,40.3,ERVISS
1385,CZ,2024/1/14,2024-W02,43.5,ERVISS
1384,CZ,2024/1/21,2024-W03,68.4,ERVISS
1383,CZ,2024/1/28,2024-W04,108.8,ERVISS
1382,CZ,2024/2/4,2024-W05,176.9,ERVISS
1381,CZ,2024/2/11,2024-W06,182.7,ERVISS
1380,CZ,2024/2/18,2024-W07,152.2,ERVISS
1379,CZ,2024/2/25,2024-W08,103.4,ERVISS
1378,CZ,2024/3/3,2024-W09,71.4,ERVISS
1377,CZ,2024/3/10,2024-W10,46.1,ERVISS
1376,CZ,2024/3/17,2024-W11,33.5,ERVISS
1375,CZ,2024/3/24,2024-W12,24.9,ERVISS
1374,CZ,2024/3/31,2024-W13,17.2,ERVISS
1373,CZ,2024/4/7,2024-W14,17.7,ERVISS
2173,DK,2017/10/8,2017-W40,14.7,ERVISS
2172,DK,2017/10/15,2017-W41,11.6,ERVISS
2171,DK,2017/10/22,2017-W42,15.8,ERVISS
2170,DK,2017/10/29,2017-W43,10.0,ERVISS
2169,DK,2017/11/5,2017-W44,17.1,ERVISS
2168,DK,2017/11/12,2017-W45,28.7,ERVISS
2167,DK,2017/11/19,2017-W46,26.2,ERVISS
2166,DK,2017/11/26,2017-W47,27.4,ERVISS
2165,DK,2017/12/3,2017-W48,17.2,ERVISS
2164,DK,2017/12/10,2017-W49,30.1,ERVISS
2163,DK,2017/12/17,2017-W50,53.8,ERVISS
2162,DK,2017/12/24,2017-W51,33.5,ERVISS
2161,DK,2017/12/31,2017-W52,70.1,ERVISS
2160,DK,2018/1/7,2018-W01,57.1,ERVISS
2159,DK,2018/1/14,2018-W02,47.1,ERVISS
2158,DK,2018/1/21,2018-W03,54.6,ERVISS
2157,DK,2018/1/28,2018-W04,80.0,ERVISS
2156,DK,2018/2/4,2018-W05,156.1,ERVISS
2155,DK,2018/2/11,2018-W06,189.3,ERVISS
2154,DK,2018/2/18,2018-W07,306.7,ERVISS
2153,DK,2018/2/25,2018-W08,245.7,ERVISS
2152,DK,2018/3/4,2018-W09,172.3,ERVISS
2151,DK,2018/3/11,2018-W10,220.4,ERVISS
2150,DK,2018/3/18,2018-W11,208.0,ERVISS
2149,DK,2018/3/25,2018-W12,140.3,ERVISS
2148,DK,2018/4/1,2018-W13,147.3,ERVISS
2147,DK,2018/4/8,2018-W14,39.1,ERVISS
2140,DK,2018/10/7,2018-W40,16.5,ERVISS
2139,DK,2018/10/14,2018-W41,17.6,ERVISS
2138,DK,2018/10/21,2018-W42,18.9,ERVISS
2137,DK,2018/10/28,2018-W43,19.4,ERVISS
2136,DK,2018/11/4,2018-W44,14.5,ERVISS
2135,DK,2018/11/11,2018-W45,17.9,ERVISS
2134,DK,2018/11/18,2018-W46,16.1,ERVISS
2133,DK,2018/11/25,2018-W47,21.5,ERVISS
2132,DK,2018/12/2,2018-W48,24.9,ERVISS
2131,DK,2018/12/9,2018-W49,36.7,ERVISS
2130,DK,2018/12/16,2018-W50,26.0,ERVISS
2129,DK,2018/12/23,2018-W51,11.9,ERVISS
2128,DK,2018/12/30,2018-W52,9.9,ERVISS
2127,DK,2019/1/6,2019-W01,32.6,ERVISS
2126,DK,2019/1/13,2019-W02,39.8,ERVISS
2125,DK,2019/1/20,2019-W03,58.1,ERVISS
2124,DK,2019/1/27,2019-W04,72.0,ERVISS
2123,DK,2019/2/3,2019-W05,122.7,ERVISS
2122,DK,2019/2/10,2019-W06,130.7,ERVISS
2121,DK,2019/2/17,2019-W07,138.5,ERVISS
2120,DK,2019/2/24,2019-W08,96.1,ERVISS
2119,DK,2019/3/3,2019-W09,66.9,ERVISS
2118,DK,2019/3/10,2019-W10,55.2,ERVISS
2117,DK,2019/3/17,2019-W11,27.0,ERVISS
2116,DK,2019/3/24,2019-W12,39.4,ERVISS
2115,DK,2019/3/31,2019-W13,22.6,ERVISS
2114,DK,2019/4/7,2019-W14,14.1,ERVISS
1920,DK,2023/10/8,2023-W40,93.5,ERVISS
1919,DK,2023/10/15,2023-W41,95.2,ERVISS
1918,DK,2023/10/22,2023-W42,93.8,ERVISS
1917,DK,2023/10/29,2023-W43,123.7,ERVISS
1916,DK,2023/11/5,2023-W44,138.0,ERVISS
1915,DK,2023/11/12,2023-W45,158.0,ERVISS
1914,DK,2023/11/19,2023-W46,139.7,ERVISS
1913,DK,2023/11/26,2023-W47,173.7,ERVISS
1912,DK,2023/12/3,2023-W48,200.2,ERVISS
1911,DK,2023/12/10,2023-W49,230.5,ERVISS
1910,DK,2023/12/17,2023-W50,244.0,ERVISS
1909,DK,2023/12/24,2023-W51,214.0,ERVISS
1908,DK,2023/12/31,2023-W52,197.1,ERVISS
1907,DK,2024/1/7,2024-W01,179.0,ERVISS
1906,DK,2024/1/14,2024-W02,203.9,ERVISS
1905,DK,2024/1/21,2024-W03,172.4,ERVISS
1904,DK,2024/1/28,2024-W04,204.7,ERVISS
1903,DK,2024/2/4,2024-W05,171.6,ERVISS
1902,DK,2024/2/11,2024-W06,181.0,ERVISS
1901,DK,2024/2/18,2024-W07,159.7,ERVISS
1900,DK,2024/2/25,2024-W08,144.6,ERVISS
1899,DK,2024/3/3,2024-W09,148.1,ERVISS
1898,DK,2024/3/10,2024-W10,140.2,ERVISS
1897,DK,2024/3/17,2024-W11,109.2,ERVISS
1896,DK,2024/3/24,2024-W12,123.1,ERVISS
1895,DK,2024/3/31,2024-W13,154.7,ERVISS
1894,DK,2024/4/7,2024-W14,144.6,ERVISS
2628,EE,2017/10/8,2017-W40,58.0,ERVISS
2627,EE,2017/10/15,2017-W41,49.7,ERVISS
2626,EE,2017/10/22,2017-W42,48.5,ERVISS
2625,EE,2017/10/29,2017-W43,51.6,ERVISS
2624,EE,2017/11/5,2017-W44,65.7,ERVISS
2623,EE,2017/11/12,2017-W45,51.6,ERVISS
2622,EE,2017/11/19,2017-W46,66.3,ERVISS
2621,EE,2017/11/26,2017-W47,57.4,ERVISS
2620,EE,2017/12/3,2017-W48,86.1,ERVISS
2619,EE,2017/12/10,2017-W49,48.5,ERVISS
2618,EE,2017/12/17,2017-W50,61.2,ERVISS
2617,EE,2017/12/24,2017-W51,52.9,ERVISS
2616,EE,2017/12/31,2017-W52,75.9,ERVISS
2615,EE,2018/1/7,2018-W01,55.5,ERVISS
2614,EE,2018/1/14,2018-W02,64.4,ERVISS
2613,EE,2018/1/21,2018-W03,68.2,ERVISS
2612,EE,2018/1/28,2018-W04,89.3,ERVISS
2611,EE,2018/2/4,2018-W05,147.3,ERVISS
2610,EE,2018/2/11,2018-W06,168.9,ERVISS
2609,EE,2018/2/18,2018-W07,177.9,ERVISS
2608,EE,2018/2/25,2018-W08,160.7,ERVISS
2607,EE,2018/3/4,2018-W09,167.0,ERVISS
2606,EE,2018/3/11,2018-W10,179.1,ERVISS
2605,EE,2018/3/18,2018-W11,166.4,ERVISS
2604,EE,2018/3/25,2018-W12,123.0,ERVISS
2603,EE,2018/4/1,2018-W13,144.1,ERVISS
2602,EE,2018/4/8,2018-W14,109.7,ERVISS
2576,EE,2018/10/7,2018-W40,59.8,ERVISS
2575,EE,2018/10/14,2018-W41,82.5,ERVISS
2574,EE,2018/10/21,2018-W42,57.5,ERVISS
2573,EE,2018/10/28,2018-W43,56.8,ERVISS
2572,EE,2018/11/4,2018-W44,77.2,ERVISS
2571,EE,2018/11/11,2018-W45,74.2,ERVISS
2570,EE,2018/11/18,2018-W46,62.1,ERVISS
2569,EE,2018/11/25,2018-W47,62.8,ERVISS
2568,EE,2018/12/2,2018-W48,79.5,ERVISS
2567,EE,2018/12/9,2018-W49,68.9,ERVISS
2566,EE,2018/12/16,2018-W50,81.0,ERVISS
2565,EE,2018/12/23,2018-W51,88.6,ERVISS
2564,EE,2018/12/30,2018-W52,79.5,ERVISS
2563,EE,2019/1/6,2019-W01,119.6,ERVISS
2562,EE,2019/1/13,2019-W02,123.4,ERVISS
2561,EE,2019/1/20,2019-W03,134.0,ERVISS
2560,EE,2019/1/27,2019-W04,152.9,ERVISS
2559,EE,2019/2/3,2019-W05,197.6,ERVISS
2558,EE,2019/2/10,2019-W06,202.9,ERVISS
2557,EE,2019/2/17,2019-W07,168.1,ERVISS
2556,EE,2019/2/24,2019-W08,168.1,ERVISS
2555,EE,2019/3/3,2019-W09,145.4,ERVISS
2554,EE,2019/3/10,2019-W10,121.1,ERVISS
2553,EE,2019/3/17,2019-W11,122.6,ERVISS
2552,EE,2019/3/24,2019-W12,90.8,ERVISS
2551,EE,2019/3/31,2019-W13,103.0,ERVISS
2550,EE,2019/4/7,2019-W14,90.1,ERVISS
2317,EE,2023/10/8,2023-W40,170.8,ERVISS
2316,EE,2023/10/15,2023-W41,198.3,ERVISS
2315,EE,2023/10/22,2023-W42,145.1,ERVISS
2314,EE,2023/10/29,2023-W43,194.8,ERVISS
2313,EE,2023/11/5,2023-W44,220.6,ERVISS
2312,EE,2023/11/12,2023-W45,295.3,ERVISS
2311,EE,2023/11/19,2023-W46,309.0,ERVISS
2310,EE,2023/11/26,2023-W47,300.4,ERVISS
2309,EE,2023/12/3,2023-W48,345.1,ERVISS
2308,EE,2023/12/10,2023-W49,339.9,ERVISS
2307,EE,2023/12/17,2023-W50,395.7,ERVISS
2306,EE,2023/12/24,2023-W51,325.3,ERVISS
2305,EE,2023/12/31,2023-W52,306.4,ERVISS
2304,EE,2024/1/7,2024-W01,352.8,ERVISS
2303,EE,2024/1/14,2024-W02,312.4,ERVISS
2302,EE,2024/1/21,2024-W03,295.3,ERVISS
2301,EE,2024/1/28,2024-W04,288.4,ERVISS
2300,EE,2024/2/4,2024-W05,318.4,ERVISS
2299,EE,2024/2/11,2024-W06,293.6,ERVISS
2298,EE,2024/2/18,2024-W07,289.3,ERVISS
2297,EE,2024/2/25,2024-W08,302.1,ERVISS
2296,EE,2024/3/3,2024-W09,271.2,ERVISS
2295,EE,2024/3/10,2024-W10,231.8,ERVISS
2294,EE,2024/3/17,2024-W11,178.5,ERVISS
2293,EE,2024/3/24,2024-W12,218.0,ERVISS
2292,EE,2024/3/31,2024-W13,212.0,ERVISS
2291,EE,2024/4/7,2024-W14,219.7,ERVISS
10496,ES,2017/10/8,2017-W40,4.2,ERVISS
10495,ES,2017/10/15,2017-W41,5.8,ERVISS
10494,ES,2017/10/22,2017-W42,6.9,ERVISS
10493,ES,2017/10/29,2017-W43,8.4,ERVISS
10492,ES,2017/11/5,2017-W44,8.7,ERVISS
10491,ES,2017/11/12,2017-W45,16.8,ERVISS
10490,ES,2017/11/19,2017-W46,18.3,ERVISS
10489,ES,2017/11/26,2017-W47,23.8,ERVISS
10488,ES,2017/12/3,2017-W48,32.8,ERVISS
10487,ES,2017/12/10,2017-W49,32.7,ERVISS
10486,ES,2017/12/17,2017-W50,74.7,ERVISS
10485,ES,2017/12/24,2017-W51,119.6,ERVISS
10484,ES,2017/12/31,2017-W52,207.4,ERVISS
10483,ES,2018/1/7,2018-W01,221.4,ERVISS
10482,ES,2018/1/14,2018-W02,246.1,ERVISS
10481,ES,2018/1/21,2018-W03,277.4,ERVISS
10480,ES,2018/1/28,2018-W04,245.4,ERVISS
10479,ES,2018/2/4,2018-W05,190.3,ERVISS
10478,ES,2018/2/11,2018-W06,149.5,ERVISS
10477,ES,2018/2/18,2018-W07,134.5,ERVISS
10476,ES,2018/2/25,2018-W08,106.0,ERVISS
10475,ES,2018/3/4,2018-W09,80.6,ERVISS
10474,ES,2018/3/11,2018-W10,59.2,ERVISS
10473,ES,2018/3/18,2018-W11,43.7,ERVISS
10472,ES,2018/3/25,2018-W12,29.8,ERVISS
10471,ES,2018/4/1,2018-W13,13.0,ERVISS
10470,ES,2018/4/8,2018-W14,13.3,ERVISS
10463,ES,2018/10/7,2018-W40,6.1,ERVISS
10462,ES,2018/10/14,2018-W41,5.3,ERVISS
10461,ES,2018/10/21,2018-W42,8.2,ERVISS
10460,ES,2018/10/28,2018-W43,11.1,ERVISS
10459,ES,2018/11/4,2018-W44,9.7,ERVISS
10458,ES,2018/11/11,2018-W45,15.7,ERVISS
10457,ES,2018/11/18,2018-W46,14.9,ERVISS
10456,ES,2018/11/25,2018-W47,16.1,ERVISS
10455,ES,2018/12/2,2018-W48,15.8,ERVISS
10454,ES,2018/12/9,2018-W49,20.8,ERVISS
10453,ES,2018/12/16,2018-W50,29.8,ERVISS
10452,ES,2018/12/23,2018-W51,41.9,ERVISS
10451,ES,2018/12/30,2018-W52,36.9,ERVISS
10450,ES,2019/1/6,2019-W01,55.6,ERVISS
10449,ES,2019/1/13,2019-W02,116.5,ERVISS
10448,ES,2019/1/20,2019-W03,208.7,ERVISS
10447,ES,2019/1/27,2019-W04,250.5,ERVISS
10446,ES,2019/2/3,2019-W05,245.7,ERVISS
10445,ES,2019/2/10,2019-W06,203.8,ERVISS
10444,ES,2019/2/17,2019-W07,158.2,ERVISS
10443,ES,2019/2/24,2019-W08,108.5,ERVISS
10442,ES,2019/3/3,2019-W09,74.6,ERVISS
10441,ES,2019/3/10,2019-W10,41.5,ERVISS
10440,ES,2019/3/17,2019-W11,27.1,ERVISS
10439,ES,2019/3/24,2019-W12,20.4,ERVISS
10438,ES,2019/3/31,2019-W13,8.5,ERVISS
10437,ES,2019/4/7,2019-W14,9.9,ERVISS
3068,FI,2017/10/8,2017-W40,6.3,ERVISS
3067,FI,2017/10/15,2017-W41,6.7,ERVISS
3066,FI,2017/10/22,2017-W42,5.7,ERVISS
3065,FI,2017/10/29,2017-W43,13.1,ERVISS
3064,FI,2017/11/5,2017-W44,9.9,ERVISS
3063,FI,2017/11/12,2017-W45,12.5,ERVISS
3062,FI,2017/11/19,2017-W46,18.5,ERVISS
3061,FI,2017/11/26,2017-W47,18.5,ERVISS
3060,FI,2017/12/3,2017-W48,29.1,ERVISS
3059,FI,2017/12/10,2017-W49,43.8,ERVISS
3058,FI,2017/12/17,2017-W50,46.6,ERVISS
3057,FI,2017/12/24,2017-W51,72.7,ERVISS
3056,FI,2017/12/31,2017-W52,185.2,ERVISS
3055,FI,2018/1/7,2018-W01,206.2,ERVISS
3054,FI,2018/1/14,2018-W02,184.5,ERVISS
3053,FI,2018/1/21,2018-W03,269.6,ERVISS
3052,FI,2018/1/28,2018-W04,269.6,ERVISS
3051,FI,2018/2/4,2018-W05,327.2,ERVISS
3050,FI,2018/2/11,2018-W06,602.7,ERVISS
3049,FI,2018/2/18,2018-W07,445.0,ERVISS
3048,FI,2018/2/25,2018-W08,596.3,ERVISS
3047,FI,2018/3/4,2018-W09,619.6,ERVISS
3046,FI,2018/3/11,2018-W10,602.6,ERVISS
3045,FI,2018/3/18,2018-W11,532.5,ERVISS
3044,FI,2018/3/25,2018-W12,477.3,ERVISS
3043,FI,2018/4/1,2018-W13,389.6,ERVISS
3042,FI,2018/4/8,2018-W14,281.7,ERVISS
3016,FI,2018/10/7,2018-W40,0.7,ERVISS
3015,FI,2018/10/14,2018-W41,1.0,ERVISS
3014,FI,2018/10/21,2018-W42,0.6,ERVISS
3013,FI,2018/10/28,2018-W43,0.6,ERVISS
3012,FI,2018/11/4,2018-W44,1.4,ERVISS
3011,FI,2018/11/11,2018-W45,1.7,ERVISS
3010,FI,2018/11/18,2018-W46,1.8,ERVISS
3009,FI,2018/11/25,2018-W47,2.5,ERVISS
3008,FI,2018/12/2,2018-W48,2.6,ERVISS
3007,FI,2018/12/9,2018-W49,2.6,ERVISS
3006,FI,2018/12/16,2018-W50,3.1,ERVISS
3005,FI,2018/12/23,2018-W51,5.7,ERVISS
3004,FI,2018/12/30,2018-W52,2.9,ERVISS
3003,FI,2019/1/6,2019-W01,17.2,ERVISS
3002,FI,2019/1/13,2019-W02,10.3,ERVISS
3001,FI,2019/1/20,2019-W03,13.8,ERVISS
3000,FI,2019/2/3,2019-W05,26.7,ERVISS
2999,FI,2019/2/10,2019-W06,38.3,ERVISS
2998,FI,2019/2/17,2019-W07,41.5,ERVISS
2997,FI,2019/2/24,2019-W08,26.7,ERVISS
2996,FI,2019/3/3,2019-W09,43.9,ERVISS
2995,FI,2019/3/10,2019-W10,36.6,ERVISS
2994,FI,2019/3/17,2019-W11,29.3,ERVISS
2993,FI,2019/3/24,2019-W12,22.9,ERVISS
2992,FI,2019/3/31,2019-W13,17.3,ERVISS
2991,FI,2019/4/7,2019-W14,13.7,ERVISS
2828,FI,2023/10/8,2023-W40,2.1,ERVISS
2827,FI,2023/10/15,2023-W41,2.1,ERVISS
2826,FI,2023/10/22,2023-W42,3.4,ERVISS
2825,FI,2023/10/29,2023-W43,3.9,ERVISS
2824,FI,2023/11/26,2023-W47,7.8,ERVISS
2823,FI,2023/12/3,2023-W48,12.7,ERVISS
2822,FI,2023/12/10,2023-W49,25.4,ERVISS
2821,FI,2023/12/17,2023-W50,53.6,ERVISS
2820,FI,2023/12/24,2023-W51,88.8,ERVISS
2819,FI,2023/12/31,2023-W52,121.8,ERVISS
2818,FI,2024/1/7,2024-W01,88.8,ERVISS
2817,FI,2024/1/14,2024-W02,70.9,ERVISS
2816,FI,2024/1/21,2024-W03,47.2,ERVISS
2815,FI,2024/1/28,2024-W04,43.4,ERVISS
2814,FI,2024/2/4,2024-W05,40.6,ERVISS
2813,FI,2024/2/11,2024-W06,32.3,ERVISS
2812,FI,2024/2/18,2024-W07,29.7,ERVISS
2811,FI,2024/2/25,2024-W08,28.1,ERVISS
2810,FI,2024/3/3,2024-W09,23.1,ERVISS
2809,FI,2024/3/10,2024-W10,17.6,ERVISS
2808,FI,2024/3/17,2024-W11,14.3,ERVISS
2807,FI,2024/3/24,2024-W12,14.0,ERVISS
2806,FI,2024/3/31,2024-W13,14.5,ERVISS
2805,FI,2024/4/7,2024-W14,13.3,ERVISS
3413,FR,2017/10/8,2017-W40,19.1,ERVISS
3412,FR,2017/10/15,2017-W41,18.6,ERVISS
3411,FR,2017/10/22,2017-W42,14.9,ERVISS
3410,FR,2017/10/29,2017-W43,10.9,ERVISS
3409,FR,2017/11/5,2017-W44,12.8,ERVISS
3408,FR,2017/11/12,2017-W45,21.0,ERVISS
3407,FR,2017/11/19,2017-W46,20.1,ERVISS
3406,FR,2017/11/26,2017-W47,37.4,ERVISS
3405,FR,2017/12/3,2017-W48,56.3,ERVISS
3404,FR,2017/12/10,2017-W49,95.6,ERVISS
3403,FR,2017/12/17,2017-W50,194.1,ERVISS
3402,FR,2017/12/24,2017-W51,343.9,ERVISS
3401,FR,2017/12/31,2017-W52,448.3,ERVISS
3400,FR,2018/1/7,2018-W01,352.9,ERVISS
3399,FR,2018/1/14,2018-W02,296.9,ERVISS
3398,FR,2018/1/21,2018-W03,267.3,ERVISS
3397,FR,2018/1/28,2018-W04,263.0,ERVISS
3396,FR,2018/2/4,2018-W05,236.5,ERVISS
3395,FR,2018/2/11,2018-W06,208.0,ERVISS
3394,FR,2018/2/18,2018-W07,211.5,ERVISS
3393,FR,2018/2/25,2018-W08,197.6,ERVISS
3392,FR,2018/3/4,2018-W09,162.7,ERVISS
3391,FR,2018/3/11,2018-W10,140.1,ERVISS
3390,FR,2018/3/18,2018-W11,97.7,ERVISS
3389,FR,2018/3/25,2018-W12,78.0,ERVISS
3388,FR,2018/4/1,2018-W13,49.0,ERVISS
3387,FR,2018/4/8,2018-W14,34.0,ERVISS
3381,FR,2018/10/7,2018-W40,11.1,ERVISS
3380,FR,2018/10/14,2018-W41,12.1,ERVISS
3379,FR,2018/10/21,2018-W42,11.7,ERVISS
3378,FR,2018/10/28,2018-W43,9.8,ERVISS
3377,FR,2018/11/4,2018-W44,9.9,ERVISS
3376,FR,2018/11/11,2018-W45,16.6,ERVISS
3375,FR,2018/11/18,2018-W46,16.9,ERVISS
3374,FR,2018/11/25,2018-W47,23.9,ERVISS
3373,FR,2018/12/2,2018-W48,29.2,ERVISS
3372,FR,2018/12/9,2018-W49,29.6,ERVISS
3371,FR,2018/12/16,2018-W50,41.6,ERVISS
3370,FR,2018/12/23,2018-W51,58.8,ERVISS
3369,FR,2018/12/30,2018-W52,56.8,ERVISS
3368,FR,2019/1/6,2019-W01,77.4,ERVISS
3367,FR,2019/1/13,2019-W02,116.2,ERVISS
3366,FR,2019/1/20,2019-W03,226.2,ERVISS
3365,FR,2019/1/27,2019-W04,370.8,ERVISS
3364,FR,2019/2/3,2019-W05,547.2,ERVISS
3363,FR,2019/2/10,2019-W06,606.4,ERVISS
3362,FR,2019/2/17,2019-W07,472.7,ERVISS
3361,FR,2019/2/24,2019-W08,265.5,ERVISS
3360,FR,2019/3/3,2019-W09,135.9,ERVISS
3359,FR,2019/3/10,2019-W10,76.5,ERVISS
3358,FR,2019/3/17,2019-W11,48.5,ERVISS
3357,FR,2019/3/24,2019-W12,34.2,ERVISS
3356,FR,2019/3/31,2019-W13,25.7,ERVISS
3355,FR,2019/4/7,2019-W14,22.0,ERVISS
3200,FR,2023/10/8,2023-W40,105.0,ERVISS
3199,FR,2023/10/15,2023-W41,88.9,ERVISS
3198,FR,2023/10/22,2023-W42,86.6,ERVISS
3197,FR,2023/10/29,2023-W43,68.5,ERVISS
3196,FR,2023/11/5,2023-W44,76.1,ERVISS
3195,FR,2023/11/12,2023-W45,109.7,ERVISS
3194,FR,2023/11/19,2023-W46,127.8,ERVISS
3193,FR,2023/11/26,2023-W47,169.1,ERVISS
3192,FR,2023/12/3,2023-W48,189.3,ERVISS
3191,FR,2023/12/10,2023-W49,224.8,ERVISS
3190,FR,2023/12/17,2023-W50,225.5,ERVISS
3189,FR,2023/12/24,2023-W51,226.7,ERVISS
3188,FR,2023/12/31,2023-W52,175.9,ERVISS
3187,FR,2024/1/7,2024-W01,183.4,ERVISS
3186,FR,2024/1/14,2024-W02,196.6,ERVISS
3185,FR,2024/1/21,2024-W03,248.3,ERVISS
3184,FR,2024/1/28,2024-W04,323.8,ERVISS
3183,FR,2024/2/4,2024-W05,328.5,ERVISS
3182,FR,2024/2/11,2024-W06,288.7,ERVISS
3181,FR,2024/2/18,2024-W07,209.7,ERVISS
3180,FR,2024/2/25,2024-W08,158.8,ERVISS
3179,FR,2024/3/3,2024-W09,108.0,ERVISS
3178,FR,2024/3/10,2024-W10,91.3,ERVISS
3177,FR,2024/3/17,2024-W11,76.4,ERVISS
3176,FR,2024/3/24,2024-W12,61.7,ERVISS
3175,FR,2024/3/31,2024-W13,53.3,ERVISS
3174,FR,2024/4/7,2024-W14,48.3,ERVISS
10659,GB-ENG,2023/10/8,2023-W40,3.506030313,FluID
10660,GB-ENG,2023/10/15,2023-W41,3.237647389,FluID
10661,GB-ENG,2023/10/22,2023-W42,3.501837115,FluID
10662,GB-ENG,2023/10/29,2023-W43,3.200426887,FluID
10663,GB-ENG,2023/11/5,2023-W44,3.308038195,FluID
10664,GB-ENG,2023/11/12,2023-W45,3.817564731,FluID
10665,GB-ENG,2023/11/19,2023-W46,3.396232878,FluID
10666,GB-ENG,2023/11/26,2023-W47,3.81004887,FluID
10667,GB-ENG,2023/12/3,2023-W48,4.618276281,FluID
10668,GB-ENG,2023/12/10,2023-W49,5.334371758,FluID
10669,GB-ENG,2023/12/17,2023-W50,6.335146106,FluID
10670,GB-ENG,2023/12/24,2023-W51,7.674647437,FluID
10671,GB-ENG,2023/12/31,2023-W52,4.877002474,FluID
10672,GB-ENG,2024/1/7,2024-W01,7.462624008,FluID
10673,GB-ENG,2024/1/14,2024-W02,7.990226863,FluID
10674,GB-ENG,2024/1/21,2024-W03,7.504110166,FluID
10675,GB-ENG,2024/1/28,2024-W04,9.837762066,FluID
10676,GB-ENG,2024/2/4,2024-W05,9.579475787,FluID
10677,GB-ENG,2024/2/11,2024-W06,9.1490214,FluID
10678,GB-ENG,2024/2/18,2024-W07,7.610457963,FluID
10679,GB-ENG,2024/2/25,2024-W08,6.679506735,FluID
10680,GB-ENG,2024/3/3,2024-W09,5.710512879,FluID
10681,GB-ENG,2024/3/10,2024-W10,5.336483856,FluID
10682,GB-ENG,2024/3/17,2024-W11,5.466156093,FluID
10683,GB-ENG,2024/3/24,2024-W12,4.910543936,FluID
10684,GB-ENG,2024/3/31,2024-W13,3.391724675,FluID
10685,GB-ENG,2024/4/7,2024-W14,3.409054956,FluID
10749,GB-NIR,2023/10/8,2023-W40,3.297793933,FluID
10750,GB-NIR,2023/10/15,2023-W41,3.236945451,FluID
10751,GB-NIR,2023/10/22,2023-W42,3.592354221,FluID
10752,GB-NIR,2023/10/29,2023-W43,3.35348693,FluID
10753,GB-NIR,2023/11/5,2023-W44,2.861199629,FluID
10754,GB-NIR,2023/11/12,2023-W45,4.152933288,FluID
10755,GB-NIR,2023/11/19,2023-W46,3.672928255,FluID
10756,GB-NIR,2023/11/26,2023-W47,3.706530907,FluID
10757,GB-NIR,2023/12/3,2023-W48,4.227694683,FluID
10758,GB-NIR,2023/12/10,2023-W49,6.464966347,FluID
10759,GB-NIR,2023/12/17,2023-W50,7.031460836,FluID
10760,GB-NIR,2023/12/24,2023-W51,9.257049961,FluID
10761,GB-NIR,2023/12/31,2023-W52,8.713457936,FluID
10762,GB-NIR,2024/1/7,2024-W01,14.89976566,FluID
10763,GB-NIR,2024/1/14,2024-W02,16.38228202,FluID
10764,GB-NIR,2024/1/21,2024-W03,17.41012818,FluID
10765,GB-NIR,2024/1/28,2024-W04,19.17265833,FluID
10766,GB-NIR,2024/2/4,2024-W05,17.21728112,FluID
10767,GB-NIR,2024/2/11,2024-W06,16.00591107,FluID
10768,GB-NIR,2024/2/18,2024-W07,13.58551793,FluID
10769,GB-NIR,2024/2/25,2024-W08,11.50588323,FluID
10770,GB-NIR,2024/3/3,2024-W09,9.37687749,FluID
10771,GB-NIR,2024/3/10,2024-W10,9.762712913,FluID
10772,GB-NIR,2024/3/17,2024-W11,9.375576912,FluID
10773,GB-NIR,2024/3/24,2024-W12,6.475444534,FluID
10774,GB-NIR,2024/3/31,2024-W13,6.668738164,FluID
10775,GB-NIR,2024/4/7,2024-W14,4.639373298,FluID
10811,GB-SCT,2023/10/8,2023-W40,1.480478295,FluID
10812,GB-SCT,2023/10/15,2023-W41,0.723074067,FluID
10813,GB-SCT,2023/10/22,2023-W42,2.698267344,FluID
10814,GB-SCT,2023/10/29,2023-W43,2.59437673,FluID
10815,GB-SCT,2023/11/5,2023-W44,1.890609343,FluID
10816,GB-SCT,2023/11/12,2023-W45,7.035509388,FluID
10817,GB-SCT,2023/11/19,2023-W46,2.274557866,FluID
10818,GB-SCT,2023/11/26,2023-W47,4.297954257,FluID
10819,GB-SCT,2023/12/3,2023-W48,4.67899966,FluID
10820,GB-SCT,2023/12/10,2023-W49,4.295216253,FluID
10821,GB-SCT,2023/12/17,2023-W50,3.831283765,FluID
10822,GB-SCT,2023/12/24,2023-W51,7.120453325,FluID
10823,GB-SCT,2023/12/31,2023-W52,6.771331627,FluID
10824,GB-SCT,2024/1/7,2024-W01,16.73327906,FluID
10825,GB-SCT,2024/1/14,2024-W02,7.088029989,FluID
10826,GB-SCT,2024/1/21,2024-W03,9.579841593,FluID
10827,GB-SCT,2024/1/28,2024-W04,9.297001232,FluID
10828,GB-SCT,2024/2/4,2024-W05,13.55568908,FluID
10829,GB-SCT,2024/2/11,2024-W06,7.792346344,FluID
10830,GB-SCT,2024/2/18,2024-W07,15.06280469,FluID
10831,GB-SCT,2024/2/25,2024-W08,13.44852443,FluID
10832,GB-SCT,2024/3/3,2024-W09,5.38158172,FluID
10833,GB-SCT,2024/3/10,2024-W10,8.068064396,FluID
10834,GB-SCT,2024/3/17,2024-W11,7.523938665,FluID
10835,GB-SCT,2024/3/24,2024-W12,7.176549317,FluID
10836,GB-SCT,2024/3/31,2024-W13,6.096787928,FluID
10837,GB-SCT,2024/4/7,2024-W14,4.71664387,FluID
10699,GB-WLS,2023/10/8,2023-W40,5.002942206,FluID
10700,GB-WLS,2023/10/15,2023-W41,3.097059461,FluID
10701,GB-WLS,2023/10/22,2023-W42,1.716098475,FluID
10702,GB-WLS,2023/10/29,2023-W43,7.461981206,FluID
10703,GB-WLS,2023/11/5,2023-W44,3.753819511,FluID
10704,GB-WLS,2023/11/12,2023-W45,3.985572229,FluID
10705,GB-WLS,2023/11/19,2023-W46,3.25497197,FluID
10706,GB-WLS,2023/11/26,2023-W47,4.172775146,FluID
10707,GB-WLS,2023/12/3,2023-W48,4.767773664,FluID
10708,GB-WLS,2023/12/10,2023-W49,7.389362179,FluID
10709,GB-WLS,2023/12/17,2023-W50,7.062645667,FluID
10710,GB-WLS,2023/12/24,2023-W51,7.441897386,FluID
10711,GB-WLS,2023/12/31,2023-W52,6.945770894,FluID
10712,GB-WLS,2024/1/7,2024-W01,10.16933178,FluID
10713,GB-WLS,2024/1/14,2024-W02,9.952054514,FluID
10714,GB-WLS,2024/1/21,2024-W03,9.439639406,FluID
10715,GB-WLS,2024/1/28,2024-W04,15.17295793,FluID
10716,GB-WLS,2024/2/4,2024-W05,14.39545009,FluID
10717,GB-WLS,2024/2/11,2024-W06,9.327556794,FluID
10718,GB-WLS,2024/2/18,2024-W07,7.854784668,FluID
10719,GB-WLS,2024/2/25,2024-W08,7.750395916,FluID
10720,GB-WLS,2024/3/3,2024-W09,6.843738569,FluID
10721,GB-WLS,2024/3/10,2024-W10,6.135765614,FluID
10722,GB-WLS,2024/3/17,2024-W11,7.551711525,FluID
10723,GB-WLS,2024/3/24,2024-W12,6.522698992,FluID
10724,GB-WLS,2024/3/31,2024-W13,4.960059124,FluID
10725,GB-WLS,2024/4/7,2024-W14,4.714890567,FluID
3869,GR,2017/10/8,2017-W40,348.6,ERVISS
3868,GR,2017/10/15,2017-W41,365.4,ERVISS
3867,GR,2017/10/22,2017-W42,296.9,ERVISS
3866,GR,2017/10/29,2017-W43,328.7,ERVISS
3865,GR,2017/11/5,2017-W44,331.0,ERVISS
3864,GR,2017/11/12,2017-W45,276.4,ERVISS
3863,GR,2017/11/19,2017-W46,312.2,ERVISS
3862,GR,2017/11/26,2017-W47,292.3,ERVISS
3861,GR,2017/12/3,2017-W48,313.1,ERVISS
3860,GR,2017/12/10,2017-W49,313.0,ERVISS
3859,GR,2017/12/17,2017-W50,315.8,ERVISS
3858,GR,2017/12/24,2017-W51,288.9,ERVISS
3857,GR,2017/12/31,2017-W52,316.4,ERVISS
3856,GR,2018/1/7,2018-W01,381.7,ERVISS
3855,GR,2018/1/14,2018-W02,442.5,ERVISS
3854,GR,2018/1/21,2018-W03,487.4,ERVISS
3853,GR,2018/1/28,2018-W04,483.7,ERVISS
3852,GR,2018/2/4,2018-W05,680.9,ERVISS
3851,GR,2018/2/11,2018-W06,810.1,ERVISS
3850,GR,2018/2/18,2018-W07,804.3,ERVISS
3849,GR,2018/2/25,2018-W08,732.1,ERVISS
3848,GR,2018/3/4,2018-W09,585.6,ERVISS
3847,GR,2018/3/11,2018-W10,565.8,ERVISS
3846,GR,2018/3/18,2018-W11,433.7,ERVISS
3845,GR,2018/3/25,2018-W12,438.8,ERVISS
3844,GR,2018/4/1,2018-W13,387.8,ERVISS
3843,GR,2018/4/8,2018-W14,288.0,ERVISS
3817,GR,2018/10/7,2018-W40,239.8,ERVISS
3816,GR,2018/10/14,2018-W41,320.6,ERVISS
3815,GR,2018/10/21,2018-W42,246.1,ERVISS
3814,GR,2018/10/28,2018-W43,285.0,ERVISS
3813,GR,2018/11/4,2018-W44,298.4,ERVISS
3812,GR,2018/11/11,2018-W45,268.0,ERVISS
3811,GR,2018/11/18,2018-W46,363.7,ERVISS
3810,GR,2018/11/25,2018-W47,340.6,ERVISS
3809,GR,2018/12/2,2018-W48,326.1,ERVISS
3808,GR,2018/12/9,2018-W49,359.2,ERVISS
3807,GR,2018/12/16,2018-W50,448.3,ERVISS
3806,GR,2018/12/23,2018-W51,414.1,ERVISS
3805,GR,2018/12/30,2018-W52,239.0,ERVISS
3804,GR,2019/1/6,2019-W01,509.0,ERVISS
3803,GR,2019/1/13,2019-W02,606.9,ERVISS
3802,GR,2019/1/27,2019-W04,807.6,ERVISS
3801,GR,2019/2/3,2019-W05,921.2,ERVISS
3800,GR,2019/2/10,2019-W06,1241.8,ERVISS
3799,GR,2019/2/17,2019-W07,958.3,ERVISS
3798,GR,2019/2/24,2019-W08,681.7,ERVISS
3797,GR,2019/3/3,2019-W09,487.4,ERVISS
3796,GR,2019/3/10,2019-W10,462.5,ERVISS
3795,GR,2019/3/17,2019-W11,406.5,ERVISS
3794,GR,2019/3/24,2019-W12,379.1,ERVISS
3793,GR,2019/3/31,2019-W13,325.0,ERVISS
3792,GR,2019/4/7,2019-W14,334.9,ERVISS
3561,GR,2023/10/8,2023-W40,704.9,ERVISS
3560,GR,2023/10/15,2023-W41,742.3,ERVISS
3559,GR,2023/10/22,2023-W42,902.0,ERVISS
3558,GR,2023/10/29,2023-W43,666.0,ERVISS
3557,GR,2023/11/5,2023-W44,714.0,ERVISS
3556,GR,2023/11/12,2023-W45,653.5,ERVISS
3555,GR,2023/11/19,2023-W46,643.6,ERVISS
3554,GR,2023/11/26,2023-W47,740.3,ERVISS
3553,GR,2023/12/3,2023-W48,774.0,ERVISS
3552,GR,2023/12/10,2023-W49,896.7,ERVISS
3551,GR,2023/12/17,2023-W50,1191.1,ERVISS
3550,GR,2023/12/24,2023-W51,1079.0,ERVISS
3549,GR,2023/12/31,2023-W52,2272.2,ERVISS
3548,GR,2024/1/7,2024-W01,2205.8,ERVISS
3547,GR,2024/1/14,2024-W02,1250.7,ERVISS
3546,GR,2024/1/21,2024-W03,1087.5,ERVISS
3545,GR,2024/1/28,2024-W04,711.2,ERVISS
3544,GR,2024/2/4,2024-W05,894.1,ERVISS
3543,GR,2024/2/11,2024-W06,964.2,ERVISS
3542,GR,2024/2/18,2024-W07,975.8,ERVISS
3541,GR,2024/2/25,2024-W08,798.2,ERVISS
3540,GR,2024/3/3,2024-W09,696.1,ERVISS
3539,GR,2024/3/10,2024-W10,702.0,ERVISS
3538,GR,2024/3/17,2024-W11,640.0,ERVISS
3537,GR,2024/3/24,2024-W12,799.8,ERVISS
3536,GR,2024/3/31,2024-W13,885.0,ERVISS
3535,GR,2024/4/7,2024-W14,890.0,ERVISS
1005,HR,2017/10/8,2017-W40,0.0,ERVISS
1004,HR,2017/10/15,2017-W41,0.0,ERVISS
1003,HR,2017/10/22,2017-W42,0.0,ERVISS
1002,HR,2017/10/29,2017-W43,0.0,ERVISS
1001,HR,2017/11/5,2017-W44,0.0,ERVISS
1000,HR,2017/11/12,2017-W45,0.1,ERVISS
999,HR,2017/11/19,2017-W46,0.1,ERVISS
998,HR,2017/11/26,2017-W47,0.1,ERVISS
997,HR,2017/12/3,2017-W48,0.4,ERVISS
996,HR,2017/12/10,2017-W49,1.4,ERVISS
995,HR,2017/12/17,2017-W50,3.2,ERVISS
994,HR,2017/12/24,2017-W51,5.6,ERVISS
993,HR,2017/12/31,2017-W52,15.9,ERVISS
992,HR,2018/1/7,2018-W01,64.3,ERVISS
991,HR,2018/1/14,2018-W02,126.5,ERVISS
990,HR,2018/1/21,2018-W03,146.9,ERVISS
989,HR,2018/1/28,2018-W04,181.7,ERVISS
988,HR,2018/2/4,2018-W05,212.5,ERVISS
987,HR,2018/2/11,2018-W06,194.3,ERVISS
986,HR,2018/2/18,2018-W07,167.5,ERVISS
985,HR,2018/2/25,2018-W08,141.2,ERVISS
984,HR,2018/3/4,2018-W09,115.8,ERVISS
983,HR,2018/3/11,2018-W10,82.8,ERVISS
982,HR,2018/3/18,2018-W11,39.0,ERVISS
981,HR,2018/3/25,2018-W12,22.5,ERVISS
980,HR,2018/4/1,2018-W13,9.5,ERVISS
979,HR,2018/4/8,2018-W14,11.2,ERVISS
971,HR,2018/10/7,2018-W40,0.0,ERVISS
970,HR,2018/10/14,2018-W41,0.0,ERVISS
969,HR,2018/10/21,2018-W42,0.1,ERVISS
968,HR,2018/10/28,2018-W43,0.0,ERVISS
967,HR,2018/11/4,2018-W44,0.0,ERVISS
966,HR,2018/11/11,2018-W45,0.1,ERVISS
965,HR,2018/11/18,2018-W46,0.0,ERVISS
964,HR,2018/11/25,2018-W47,0.0,ERVISS
963,HR,2018/12/2,2018-W48,0.1,ERVISS
962,HR,2018/12/9,2018-W49,0.9,ERVISS
961,HR,2018/12/16,2018-W50,5.1,ERVISS
960,HR,2018/12/23,2018-W51,9.4,ERVISS
959,HR,2018/12/30,2018-W52,11.5,ERVISS
958,HR,2019/1/6,2019-W01,48.9,ERVISS
957,HR,2019/1/13,2019-W02,129.2,ERVISS
956,HR,2019/1/20,2019-W03,220.1,ERVISS
955,HR,2019/1/27,2019-W04,269.6,ERVISS
954,HR,2019/2/3,2019-W05,272.8,ERVISS
953,HR,2019/2/10,2019-W06,198.0,ERVISS
952,HR,2019/2/17,2019-W07,128.6,ERVISS
951,HR,2019/2/24,2019-W08,72.8,ERVISS
950,HR,2019/3/3,2019-W09,52.4,ERVISS
949,HR,2019/3/10,2019-W10,29.9,ERVISS
948,HR,2019/3/17,2019-W11,12.5,ERVISS
947,HR,2019/3/24,2019-W12,9.3,ERVISS
946,HR,2019/3/31,2019-W13,5.1,ERVISS
945,HR,2019/4/7,2019-W14,3.2,ERVISS
833,HR,2023/10/8,2023-W40,0.2,ERVISS
832,HR,2023/10/15,2023-W41,0.2,ERVISS
831,HR,2023/10/22,2023-W42,0.2,ERVISS
830,HR,2023/10/29,2023-W43,0.3,ERVISS
829,HR,2023/11/5,2023-W44,0.2,ERVISS
828,HR,2023/11/12,2023-W45,0.2,ERVISS
827,HR,2023/11/19,2023-W46,0.2,ERVISS
826,HR,2023/11/26,2023-W47,0.3,ERVISS
825,HR,2023/12/3,2023-W48,0.4,ERVISS
824,HR,2023/12/10,2023-W49,0.9,ERVISS
823,HR,2023/12/17,2023-W50,2.7,ERVISS
822,HR,2023/12/24,2023-W51,8.0,ERVISS
821,HR,2023/12/31,2023-W52,10.6,ERVISS
820,HR,2024/1/7,2024-W01,18.3,ERVISS
819,HR,2024/1/14,2024-W02,28.2,ERVISS
818,HR,2024/1/21,2024-W03,54.3,ERVISS
817,HR,2024/1/28,2024-W04,75.9,ERVISS
816,HR,2024/2/4,2024-W05,86.7,ERVISS
815,HR,2024/2/11,2024-W06,85.5,ERVISS
814,HR,2024/2/18,2024-W07,46.0,ERVISS
813,HR,2024/2/25,2024-W08,22.4,ERVISS
812,HR,2024/3/3,2024-W09,11.1,ERVISS
811,HR,2024/3/10,2024-W10,5.0,ERVISS
810,HR,2024/3/17,2024-W11,4.2,ERVISS
809,HR,2024/3/24,2024-W12,0.6,ERVISS
808,HR,2024/3/31,2024-W13,1.1,ERVISS
807,HR,2024/4/7,2024-W14,0.5,ERVISS
4244,HU,2017/10/8,2017-W40,56.4,ERVISS
4243,HU,2017/10/15,2017-W41,51.1,ERVISS
4242,HU,2017/10/22,2017-W42,54.9,ERVISS
4241,HU,2017/10/29,2017-W43,45.3,ERVISS
4240,HU,2017/11/5,2017-W44,43.8,ERVISS
4239,HU,2017/11/12,2017-W45,53.6,ERVISS
4238,HU,2017/11/19,2017-W46,60.0,ERVISS
4237,HU,2017/11/26,2017-W47,73.2,ERVISS
4236,HU,2017/12/3,2017-W48,86.9,ERVISS
4235,HU,2017/12/10,2017-W49,88.9,ERVISS
4234,HU,2017/12/17,2017-W50,112.1,ERVISS
4233,HU,2017/12/24,2017-W51,91.1,ERVISS
4232,HU,2017/12/31,2017-W52,48.5,ERVISS
4231,HU,2018/1/7,2018-W01,101.2,ERVISS
4230,HU,2018/1/14,2018-W02,129.2,ERVISS
4229,HU,2018/1/21,2018-W03,171.4,ERVISS
4228,HU,2018/1/28,2018-W04,318.7,ERVISS
4227,HU,2018/2/4,2018-W05,486.3,ERVISS
4226,HU,2018/2/11,2018-W06,619.8,ERVISS
4225,HU,2018/2/18,2018-W07,703.3,ERVISS
4224,HU,2018/2/25,2018-W08,701.4,ERVISS
4223,HU,2018/3/4,2018-W09,578.0,ERVISS
4222,HU,2018/3/11,2018-W10,437.2,ERVISS
4221,HU,2018/3/18,2018-W11,232.0,ERVISS
4220,HU,2018/3/25,2018-W12,166.5,ERVISS
4219,HU,2018/4/1,2018-W13,89.9,ERVISS
4218,HU,2018/4/8,2018-W14,53.9,ERVISS
4211,HU,2018/10/7,2018-W40,36.6,ERVISS
4210,HU,2018/10/14,2018-W41,35.4,ERVISS
4209,HU,2018/10/21,2018-W42,43.6,ERVISS
4208,HU,2018/10/28,2018-W43,28.1,ERVISS
4207,HU,2018/11/4,2018-W44,25.8,ERVISS
4206,HU,2018/11/11,2018-W45,46.3,ERVISS
4205,HU,2018/11/18,2018-W46,49.2,ERVISS
4204,HU,2018/11/25,2018-W47,61.8,ERVISS
4203,HU,2018/12/2,2018-W48,72.1,ERVISS
4202,HU,2018/12/9,2018-W49,81.7,ERVISS
4201,HU,2018/12/16,2018-W50,101.5,ERVISS
4200,HU,2018/12/23,2018-W51,112.8,ERVISS
4199,HU,2019/1/6,2019-W01,112.0,ERVISS
4198,HU,2019/1/13,2019-W02,197.1,ERVISS
4197,HU,2019/1/20,2019-W03,390.2,ERVISS
4196,HU,2019/1/27,2019-W04,663.8,ERVISS
4195,HU,2019/2/3,2019-W05,794.1,ERVISS
4194,HU,2019/2/10,2019-W06,696.0,ERVISS
4193,HU,2019/2/17,2019-W07,536.4,ERVISS
4192,HU,2019/2/24,2019-W08,346.9,ERVISS
4191,HU,2019/3/3,2019-W09,218.0,ERVISS
4190,HU,2019/3/10,2019-W10,141.3,ERVISS
4189,HU,2019/3/17,2019-W11,73.7,ERVISS
4188,HU,2019/3/24,2019-W12,58.1,ERVISS
4187,HU,2019/3/31,2019-W13,39.7,ERVISS
4053,HU,2023/10/8,2023-W40,120.7,ERVISS
4052,HU,2023/10/15,2023-W41,139.8,ERVISS
4051,HU,2023/10/22,2023-W42,153.0,ERVISS
4050,HU,2023/10/29,2023-W43,140.2,ERVISS
4049,HU,2023/11/5,2023-W44,110.8,ERVISS
4048,HU,2023/11/12,2023-W45,160.2,ERVISS
4047,HU,2023/11/19,2023-W46,195.3,ERVISS
4046,HU,2023/11/26,2023-W47,237.7,ERVISS
4045,HU,2023/12/3,2023-W48,298.6,ERVISS
4044,HU,2023/12/10,2023-W49,320.9,ERVISS
4043,HU,2023/12/17,2023-W50,414.6,ERVISS
4042,HU,2023/12/24,2023-W51,347.7,ERVISS
4041,HU,2024/1/7,2024-W01,221.7,ERVISS
4040,HU,2024/1/14,2024-W02,256.4,ERVISS
4039,HU,2024/1/21,2024-W03,296.0,ERVISS
4038,HU,2024/1/28,2024-W04,381.0,ERVISS
4037,HU,2024/2/4,2024-W05,488.8,ERVISS
4036,HU,2024/2/11,2024-W06,610.6,ERVISS
4035,HU,2024/2/18,2024-W07,620.2,ERVISS
4034,HU,2024/2/25,2024-W08,579.6,ERVISS
4033,HU,2024/3/3,2024-W09,459.8,ERVISS
4032,HU,2024/3/10,2024-W10,385.5,ERVISS
4031,HU,2024/3/17,2024-W11,272.2,ERVISS
4030,HU,2024/3/24,2024-W12,240.9,ERVISS
4029,HU,2024/3/31,2024-W13,167.3,ERVISS
4028,HU,2024/4/7,2024-W14,111.9,ERVISS
5020,IE,2017/10/8,2017-W40,5.4,ERVISS
5019,IE,2017/10/15,2017-W41,4.6,ERVISS
5018,IE,2017/10/22,2017-W42,7.1,ERVISS
5017,IE,2017/10/29,2017-W43,5.2,ERVISS
5016,IE,2017/11/5,2017-W44,3.4,ERVISS
5015,IE,2017/11/12,2017-W45,7.5,ERVISS
5014,IE,2017/11/19,2017-W46,7.8,ERVISS
5013,IE,2017/11/26,2017-W47,5.1,ERVISS
5012,IE,2017/12/3,2017-W48,7.5,ERVISS
5011,IE,2017/12/10,2017-W49,7.1,ERVISS
5010,IE,2017/12/17,2017-W50,18.9,ERVISS
5009,IE,2017/12/24,2017-W51,25.9,ERVISS
5008,IE,2017/12/31,2017-W52,29.3,ERVISS
5007,IE,2018/1/7,2018-W01,94.8,ERVISS
5006,IE,2018/1/14,2018-W02,97.1,ERVISS
5005,IE,2018/1/21,2018-W03,100.8,ERVISS
5004,IE,2018/1/28,2018-W04,89.0,ERVISS
5003,IE,2018/2/4,2018-W05,72.9,ERVISS
5002,IE,2018/2/11,2018-W06,63.9,ERVISS
5001,IE,2018/2/18,2018-W07,63.6,ERVISS
5000,IE,2018/2/25,2018-W08,41.2,ERVISS
4999,IE,2018/3/4,2018-W09,29.0,ERVISS
4998,IE,2018/3/11,2018-W10,31.7,ERVISS
4997,IE,2018/3/18,2018-W11,16.8,ERVISS
4996,IE,2018/3/25,2018-W12,13.8,ERVISS
4995,IE,2018/4/1,2018-W13,12.9,ERVISS
4994,IE,2018/4/8,2018-W14,4.1,ERVISS
4968,IE,2018/10/7,2018-W40,3.1,ERVISS
4967,IE,2018/10/14,2018-W41,4.7,ERVISS
4966,IE,2018/10/21,2018-W42,3.2,ERVISS
4965,IE,2018/10/28,2018-W43,4.4,ERVISS
4964,IE,2018/11/4,2018-W44,5.9,ERVISS
4963,IE,2018/11/11,2018-W45,4.0,ERVISS
4962,IE,2018/11/18,2018-W46,4.8,ERVISS
4961,IE,2018/11/25,2018-W47,3.6,ERVISS
4960,IE,2018/12/2,2018-W48,5.0,ERVISS
4959,IE,2018/12/9,2018-W49,8.6,ERVISS
4958,IE,2018/12/16,2018-W50,9.1,ERVISS
4957,IE,2018/12/23,2018-W51,11.7,ERVISS
4956,IE,2018/12/30,2018-W52,10.6,ERVISS
4955,IE,2019/1/6,2019-W01,32.8,ERVISS
4954,IE,2019/1/13,2019-W02,52.1,ERVISS
4953,IE,2019/1/20,2019-W03,43.1,ERVISS
4952,IE,2019/1/27,2019-W04,41.4,ERVISS
4951,IE,2019/2/3,2019-W05,53.2,ERVISS
4950,IE,2019/2/10,2019-W06,51.9,ERVISS
4949,IE,2019/2/17,2019-W07,43.4,ERVISS
4948,IE,2019/2/24,2019-W08,26.9,ERVISS
4947,IE,2019/3/3,2019-W09,14.5,ERVISS
4946,IE,2019/3/10,2019-W10,14.3,ERVISS
4945,IE,2019/3/17,2019-W11,14.5,ERVISS
4944,IE,2019/3/24,2019-W12,10.7,ERVISS
4943,IE,2019/3/31,2019-W13,4.3,ERVISS
4942,IE,2019/4/7,2019-W14,10.4,ERVISS
4708,IE,2023/10/8,2023-W40,8.6,ERVISS
4707,IE,2023/10/15,2023-W41,8.6,ERVISS
4706,IE,2023/10/22,2023-W42,6.2,ERVISS
4705,IE,2023/10/29,2023-W43,7.3,ERVISS
4704,IE,2023/11/5,2023-W44,8.2,ERVISS
4703,IE,2023/11/12,2023-W45,9.2,ERVISS
4702,IE,2023/11/19,2023-W46,10.8,ERVISS
4701,IE,2023/11/26,2023-W47,8.7,ERVISS
4700,IE,2023/12/3,2023-W48,7.5,ERVISS
4699,IE,2023/12/10,2023-W49,15.9,ERVISS
4698,IE,2023/12/17,2023-W50,15.0,ERVISS
4697,IE,2023/12/24,2023-W51,22.5,ERVISS
4696,IE,2023/12/31,2023-W52,14.9,ERVISS
4695,IE,2024/1/7,2024-W01,28.0,ERVISS
4694,IE,2024/1/14,2024-W02,31.7,ERVISS
4693,IE,2024/1/21,2024-W03,28.8,ERVISS
4692,IE,2024/1/28,2024-W04,29.4,ERVISS
4691,IE,2024/2/4,2024-W05,23.1,ERVISS
4690,IE,2024/2/11,2024-W06,17.1,ERVISS
4689,IE,2024/2/18,2024-W07,13.1,ERVISS
4688,IE,2024/2/25,2024-W08,14.6,ERVISS
4687,IE,2024/3/3,2024-W09,10.1,ERVISS
4686,IE,2024/3/10,2024-W10,12.3,ERVISS
4685,IE,2024/3/17,2024-W11,8.4,ERVISS
4684,IE,2024/3/24,2024-W12,5.9,ERVISS
4683,IE,2024/3/31,2024-W13,6.0,ERVISS
4682,IE,2024/4/7,2024-W14,6.0,ERVISS
4558,IS,2017/10/8,2017-W40,3.0,ERVISS
4557,IS,2017/10/15,2017-W41,1.2,ERVISS
4556,IS,2017/10/22,2017-W42,3.3,ERVISS
4555,IS,2017/10/29,2017-W43,0.9,ERVISS
4554,IS,2017/11/5,2017-W44,1.8,ERVISS
4553,IS,2017/11/12,2017-W45,2.1,ERVISS
4552,IS,2017/11/19,2017-W46,2.4,ERVISS
4551,IS,2017/11/26,2017-W47,3.3,ERVISS
4550,IS,2017/12/3,2017-W48,4.4,ERVISS
4549,IS,2017/12/10,2017-W49,5.9,ERVISS
4548,IS,2017/12/17,2017-W50,8.0,ERVISS
4547,IS,2017/12/24,2017-W51,10.6,ERVISS
4546,IS,2017/12/31,2017-W52,18.3,ERVISS
4545,IS,2018/1/7,2018-W01,38.4,ERVISS
4544,IS,2018/1/14,2018-W02,51.1,ERVISS
4543,IS,2018/1/21,2018-W03,55.6,ERVISS
4542,IS,2018/1/28,2018-W04,23.3,ERVISS
4541,IS,2018/2/4,2018-W05,97.2,ERVISS
4540,IS,2018/2/11,2018-W06,107.3,ERVISS
4539,IS,2018/2/18,2018-W07,85.1,ERVISS
4538,IS,2018/2/25,2018-W08,83.6,ERVISS
4537,IS,2018/3/4,2018-W09,68.3,ERVISS
4536,IS,2018/3/11,2018-W10,49.9,ERVISS
4535,IS,2018/3/18,2018-W11,55.0,ERVISS
4534,IS,2018/3/25,2018-W12,36.1,ERVISS
4533,IS,2018/4/1,2018-W13,19.5,ERVISS
4532,IS,2018/4/8,2018-W14,16.3,ERVISS
4526,IS,2018/10/7,2018-W40,1.7,ERVISS
4525,IS,2018/10/14,2018-W41,1.4,ERVISS
4524,IS,2018/10/21,2018-W42,0.9,ERVISS
4523,IS,2018/10/28,2018-W43,2.6,ERVISS
4522,IS,2018/11/4,2018-W44,2.0,ERVISS
4521,IS,2018/11/11,2018-W45,7.5,ERVISS
4520,IS,2018/11/18,2018-W46,3.2,ERVISS
4519,IS,2018/11/25,2018-W47,2.3,ERVISS
4518,IS,2018/12/2,2018-W48,3.7,ERVISS
4517,IS,2018/12/9,2018-W49,4.6,ERVISS
4516,IS,2018/12/16,2018-W50,11.2,ERVISS
4515,IS,2018/12/23,2018-W51,8.9,ERVISS
4514,IS,2018/12/30,2018-W52,14.1,ERVISS
4513,IS,2019/1/6,2019-W01,7.4,ERVISS
4512,IS,2019/1/13,2019-W02,16.6,ERVISS
4511,IS,2019/1/20,2019-W03,12.9,ERVISS
4510,IS,2019/1/27,2019-W04,23.5,ERVISS
4509,IS,2019/2/3,2019-W05,33.0,ERVISS
4508,IS,2019/2/10,2019-W06,43.9,ERVISS
4507,IS,2019/2/17,2019-W07,62.0,ERVISS
4506,IS,2019/2/24,2019-W08,47.9,ERVISS
4505,IS,2019/3/3,2019-W09,41.6,ERVISS
4504,IS,2019/3/10,2019-W10,36.7,ERVISS
4503,IS,2019/3/31,2019-W13,20.4,ERVISS
4502,IS,2019/4/7,2019-W14,17.8,ERVISS
4384,IS,2023/10/8,2023-W40,1.0,ERVISS
4383,IS,2023/10/15,2023-W41,0.3,ERVISS
4382,IS,2023/10/22,2023-W42,0.8,ERVISS
4381,IS,2023/10/29,2023-W43,0.0,ERVISS
4380,IS,2023/11/5,2023-W44,2.1,ERVISS
4379,IS,2023/11/12,2023-W45,1.3,ERVISS
4378,IS,2023/11/19,2023-W46,2.1,ERVISS
4377,IS,2023/11/26,2023-W47,3.4,ERVISS
4376,IS,2023/12/3,2023-W48,5.7,ERVISS
4375,IS,2023/12/10,2023-W49,5.2,ERVISS
4374,IS,2023/12/17,2023-W50,8.8,ERVISS
4373,IS,2023/12/24,2023-W51,8.5,ERVISS
4372,IS,2023/12/31,2023-W52,6.4,ERVISS
4371,IS,2024/1/14,2024-W02,8.0,ERVISS
4370,IS,2024/1/21,2024-W03,5.4,ERVISS
4369,IS,2024/1/28,2024-W04,8.0,ERVISS
4368,IS,2024/2/11,2024-W06,7.5,ERVISS
4367,IS,2024/2/18,2024-W07,11.9,ERVISS
4366,IS,2024/2/25,2024-W08,12.1,ERVISS
4365,IS,2024/3/3,2024-W09,8.3,ERVISS
4364,IS,2024/3/10,2024-W10,10.6,ERVISS
4363,IS,2024/3/17,2024-W11,7.5,ERVISS
4362,IS,2024/3/24,2024-W12,5.5,ERVISS
4361,IS,2024/3/31,2024-W13,3.1,ERVISS
5373,IT,2017/10/22,2017-W42,89.1,ERVISS
5372,IT,2017/10/29,2017-W43,85.1,ERVISS
5371,IT,2017/11/5,2017-W44,94.6,ERVISS
5370,IT,2017/11/12,2017-W45,123.9,ERVISS
5369,IT,2017/11/19,2017-W46,159.8,ERVISS
5368,IT,2017/11/26,2017-W47,185.2,ERVISS
5367,IT,2017/12/3,2017-W48,238.0,ERVISS
5366,IT,2017/12/10,2017-W49,311.4,ERVISS
5365,IT,2017/12/17,2017-W50,473.8,ERVISS
5364,IT,2017/12/24,2017-W51,720.7,ERVISS
5363,IT,2017/12/31,2017-W52,1145.5,ERVISS
5362,IT,2018/1/7,2018-W01,1379.6,ERVISS
5361,IT,2018/1/14,2018-W02,1472.7,ERVISS
5360,IT,2018/1/21,2018-W03,1387.3,ERVISS
5359,IT,2018/1/28,2018-W04,1268.9,ERVISS
5358,IT,2018/2/4,2018-W05,1072.2,ERVISS
5357,IT,2018/2/11,2018-W06,896.5,ERVISS
5356,IT,2018/2/18,2018-W07,712.1,ERVISS
5355,IT,2018/2/25,2018-W08,624.1,ERVISS
5354,IT,2018/3/4,2018-W09,474.4,ERVISS
5353,IT,2018/3/11,2018-W10,362.3,ERVISS
5352,IT,2018/3/18,2018-W11,262.7,ERVISS
5351,IT,2018/3/25,2018-W12,215.2,ERVISS
5350,IT,2018/4/1,2018-W13,172.6,ERVISS
5349,IT,2018/4/8,2018-W14,132.1,ERVISS
5345,IT,2018/10/21,2018-W42,78.6,ERVISS
5344,IT,2018/10/28,2018-W43,94.5,ERVISS
5343,IT,2018/11/4,2018-W44,100.7,ERVISS
5342,IT,2018/11/11,2018-W45,146.9,ERVISS
5341,IT,2018/11/18,2018-W46,177.7,ERVISS
5340,IT,2018/11/25,2018-W47,213.6,ERVISS
5339,IT,2018/12/2,2018-W48,238.2,ERVISS
5338,IT,2018/12/9,2018-W49,275.4,ERVISS
5337,IT,2018/12/16,2018-W50,331.3,ERVISS
5336,IT,2018/12/23,2018-W51,370.9,ERVISS
5335,IT,2018/12/30,2018-W52,426.6,ERVISS
5334,IT,2019/1/6,2019-W01,572.1,ERVISS
5333,IT,2019/1/13,2019-W02,762.6,ERVISS
5332,IT,2019/1/20,2019-W03,1002.5,ERVISS
5331,IT,2019/1/27,2019-W04,1245.6,ERVISS
5330,IT,2019/2/3,2019-W05,1402.5,ERVISS
5329,IT,2019/2/10,2019-W06,1322.8,ERVISS
5328,IT,2019/2/17,2019-W07,1116.1,ERVISS
5327,IT,2019/2/24,2019-W08,900.1,ERVISS
5326,IT,2019/3/3,2019-W09,655.2,ERVISS
5325,IT,2019/3/10,2019-W10,475.3,ERVISS
5324,IT,2019/3/17,2019-W11,366.2,ERVISS
5323,IT,2019/3/24,2019-W12,286.7,ERVISS
5322,IT,2019/3/31,2019-W13,234.8,ERVISS
5321,IT,2019/4/7,2019-W14,191.6,ERVISS
5205,IT,2023/10/22,2023-W42,494.7,ERVISS
5204,IT,2023/10/29,2023-W43,518.1,ERVISS
5203,IT,2023/11/5,2023-W44,556.8,ERVISS
5202,IT,2023/11/12,2023-W45,690.7,ERVISS
5201,IT,2023/11/19,2023-W46,825.2,ERVISS
5200,IT,2023/11/26,2023-W47,973.2,ERVISS
5199,IT,2023/12/3,2023-W48,1153.2,ERVISS
5198,IT,2023/12/10,2023-W49,1256.1,ERVISS
5197,IT,2023/12/17,2023-W50,1578.5,ERVISS
5196,IT,2023/12/24,2023-W51,1821.2,ERVISS
5195,IT,2023/12/31,2023-W52,1844.6,ERVISS
5194,IT,2024/1/7,2024-W01,1698.0,ERVISS
5193,IT,2024/1/14,2024-W02,1435.0,ERVISS
5192,IT,2024/1/21,2024-W03,1185.7,ERVISS
5191,IT,2024/1/28,2024-W04,990.0,ERVISS
5190,IT,2024/2/4,2024-W05,893.7,ERVISS
5189,IT,2024/2/11,2024-W06,809.6,ERVISS
5188,IT,2024/2/18,2024-W07,716.1,ERVISS
5187,IT,2024/2/25,2024-W08,699.2,ERVISS
5186,IT,2024/3/3,2024-W09,644.0,ERVISS
5185,IT,2024/3/10,2024-W10,608.1,ERVISS
5184,IT,2024/3/17,2024-W11,580.9,ERVISS
5183,IT,2024/3/24,2024-W12,561.7,ERVISS
5182,IT,2024/3/31,2024-W13,509.6,ERVISS
5181,IT,2024/4/7,2024-W14,469.4,ERVISS
6144,LT,2017/10/8,2017-W40,0.9,ERVISS
6143,LT,2017/10/15,2017-W41,1.1,ERVISS
6142,LT,2017/10/22,2017-W42,1.2,ERVISS
6141,LT,2017/10/29,2017-W43,0.7,ERVISS
6140,LT,2017/11/5,2017-W44,0.9,ERVISS
6139,LT,2017/11/12,2017-W45,0.6,ERVISS
6138,LT,2017/11/19,2017-W46,1.5,ERVISS
6137,LT,2017/11/26,2017-W47,1.4,ERVISS
6136,LT,2017/12/3,2017-W48,1.4,ERVISS
6135,LT,2017/12/10,2017-W49,2.4,ERVISS
6134,LT,2017/12/17,2017-W50,3.2,ERVISS
6133,LT,2017/12/24,2017-W51,3.5,ERVISS
6132,LT,2017/12/31,2017-W52,3.3,ERVISS
6131,LT,2018/1/7,2018-W01,6.0,ERVISS
6130,LT,2018/1/14,2018-W02,12.3,ERVISS
6129,LT,2018/1/21,2018-W03,34.2,ERVISS
6128,LT,2018/1/28,2018-W04,120.7,ERVISS
6127,LT,2018/2/4,2018-W05,292.7,ERVISS
6126,LT,2018/2/11,2018-W06,386.5,ERVISS
6125,LT,2018/2/18,2018-W07,338.8,ERVISS
6124,LT,2018/2/25,2018-W08,298.1,ERVISS
6123,LT,2018/3/4,2018-W09,189.4,ERVISS
6122,LT,2018/3/11,2018-W10,144.7,ERVISS
6121,LT,2018/3/18,2018-W11,97.5,ERVISS
6120,LT,2018/3/25,2018-W12,55.5,ERVISS
6119,LT,2018/4/1,2018-W13,30.4,ERVISS
6118,LT,2018/4/8,2018-W14,15.5,ERVISS
6094,LT,2018/10/7,2018-W40,0.5,ERVISS
6093,LT,2018/10/14,2018-W41,1.1,ERVISS
6092,LT,2018/10/21,2018-W42,0.9,ERVISS
6091,LT,2018/10/28,2018-W43,1.1,ERVISS
6090,LT,2018/11/4,2018-W44,1.0,ERVISS
6089,LT,2018/11/11,2018-W45,1.2,ERVISS
6088,LT,2018/11/18,2018-W46,1.8,ERVISS
6087,LT,2018/11/25,2018-W47,1.9,ERVISS
6086,LT,2018/12/2,2018-W48,4.8,ERVISS
6085,LT,2018/12/9,2018-W49,5.8,ERVISS
6084,LT,2018/12/16,2018-W50,8.1,ERVISS
6083,LT,2018/12/23,2018-W51,13.5,ERVISS
6082,LT,2018/12/30,2018-W52,15.3,ERVISS
6081,LT,2019/1/6,2019-W01,27.6,ERVISS
6080,LT,2019/1/13,2019-W02,62.0,ERVISS
6079,LT,2019/1/20,2019-W03,138.4,ERVISS
6078,LT,2019/1/27,2019-W04,249.2,ERVISS
6077,LT,2019/2/3,2019-W05,394.8,ERVISS
6076,LT,2019/2/10,2019-W06,369.2,ERVISS
6075,LT,2019/2/17,2019-W07,240.2,ERVISS
6074,LT,2019/2/24,2019-W08,112.7,ERVISS
6073,LT,2019/3/3,2019-W09,58.9,ERVISS
6072,LT,2019/3/10,2019-W10,31.4,ERVISS
6071,LT,2019/3/17,2019-W11,15.0,ERVISS
6070,LT,2019/3/24,2019-W12,8.1,ERVISS
6069,LT,2019/3/31,2019-W13,4.4,ERVISS
6068,LT,2019/4/7,2019-W14,2.8,ERVISS
5842,LT,2023/10/8,2023-W40,1.1,ERVISS
5841,LT,2023/10/15,2023-W41,2.3,ERVISS
5840,LT,2023/10/22,2023-W42,2.7,ERVISS
5839,LT,2023/10/29,2023-W43,3.0,ERVISS
5838,LT,2023/11/5,2023-W44,2.6,ERVISS
5837,LT,2023/11/12,2023-W45,3.4,ERVISS
5836,LT,2023/11/19,2023-W46,5.9,ERVISS
5835,LT,2023/11/26,2023-W47,8.3,ERVISS
5834,LT,2023/12/3,2023-W48,11.2,ERVISS
5833,LT,2023/12/10,2023-W49,20.0,ERVISS
5832,LT,2023/12/17,2023-W50,33.9,ERVISS
5831,LT,2023/12/24,2023-W51,46.3,ERVISS
5830,LT,2023/12/31,2023-W52,30.4,ERVISS
5829,LT,2024/1/7,2024-W01,27.3,ERVISS
5828,LT,2024/1/14,2024-W02,45.2,ERVISS
5827,LT,2024/1/21,2024-W03,93.4,ERVISS
5826,LT,2024/1/28,2024-W04,162.7,ERVISS
5825,LT,2024/2/4,2024-W05,206.1,ERVISS
5824,LT,2024/2/11,2024-W06,203.8,ERVISS
5823,LT,2024/2/18,2024-W07,154.1,ERVISS
5822,LT,2024/2/25,2024-W08,123.2,ERVISS
5821,LT,2024/3/3,2024-W09,77.7,ERVISS
5820,LT,2024/3/10,2024-W10,52.8,ERVISS
5819,LT,2024/3/17,2024-W11,35.7,ERVISS
5818,LT,2024/3/24,2024-W12,31.4,ERVISS
5817,LT,2024/3/31,2024-W13,20.9,ERVISS
5816,LT,2024/4/7,2024-W14,11.8,ERVISS
6602,LU,2017/10/8,2017-W40,0.0,ERVISS
6601,LU,2017/10/15,2017-W41,0.0,ERVISS
6600,LU,2017/10/22,2017-W42,400.0,ERVISS
6599,LU,2017/10/29,2017-W43,400.0,ERVISS
6598,LU,2017/11/5,2017-W44,1800.0,ERVISS
6597,LU,2017/11/12,2017-W45,0.0,ERVISS
6596,LU,2017/11/19,2017-W46,0.0,ERVISS
6595,LU,2017/11/26,2017-W47,0.0,ERVISS
6594,LU,2017/12/3,2017-W48,300.0,ERVISS
6593,LU,2017/12/10,2017-W49,300.0,ERVISS
6592,LU,2017/12/17,2017-W50,800.0,ERVISS
6591,LU,2017/12/24,2017-W51,400.0,ERVISS
6590,LU,2018/1/7,2018-W01,1400.0,ERVISS
6589,LU,2018/1/14,2018-W02,4800.0,ERVISS
6588,LU,2018/1/21,2018-W03,6400.0,ERVISS
6587,LU,2018/1/28,2018-W04,13100.0,ERVISS
6586,LU,2018/2/4,2018-W05,8700.0,ERVISS
6585,LU,2018/2/11,2018-W06,8600.0,ERVISS
6584,LU,2018/2/18,2018-W07,9300.0,ERVISS
6583,LU,2018/2/25,2018-W08,10000.0,ERVISS
6582,LU,2018/3/4,2018-W09,8700.0,ERVISS
6581,LU,2018/3/11,2018-W10,7800.0,ERVISS
6580,LU,2018/3/18,2018-W11,8800.0,ERVISS
6579,LU,2018/3/25,2018-W12,3900.0,ERVISS
6578,LU,2018/4/1,2018-W13,3900.0,ERVISS
6577,LU,2018/4/8,2018-W14,1400.0,ERVISS
6570,LU,2018/10/7,2018-W40,0.0,ERVISS
6569,LU,2018/10/14,2018-W41,0.0,ERVISS
6568,LU,2018/10/21,2018-W42,200.0,ERVISS
6567,LU,2018/10/28,2018-W43,0.0,ERVISS
6566,LU,2018/11/4,2018-W44,0.0,ERVISS
6565,LU,2018/11/11,2018-W45,200.0,ERVISS
6564,LU,2018/11/18,2018-W46,500.0,ERVISS
6563,LU,2018/11/25,2018-W47,1000.0,ERVISS
6562,LU,2018/12/2,2018-W48,0.0,ERVISS
6561,LU,2018/12/9,2018-W49,1800.0,ERVISS
6560,LU,2018/12/16,2018-W50,1500.0,ERVISS
6559,LU,2018/12/23,2018-W51,2500.0,ERVISS
6558,LU,2018/12/30,2018-W52,0.0,ERVISS
6557,LU,2019/1/6,2019-W01,800.0,ERVISS
6556,LU,2019/1/13,2019-W02,3600.0,ERVISS
6555,LU,2019/1/20,2019-W03,1600.0,ERVISS
6554,LU,2019/1/27,2019-W04,4300.0,ERVISS
6553,LU,2019/2/3,2019-W05,5600.0,ERVISS
6552,LU,2019/2/10,2019-W06,7400.0,ERVISS
6551,LU,2019/2/17,2019-W07,9200.0,ERVISS
6550,LU,2019/2/24,2019-W08,8900.0,ERVISS
6549,LU,2019/3/3,2019-W09,2900.0,ERVISS
6548,LU,2019/3/10,2019-W10,2700.0,ERVISS
6547,LU,2019/3/17,2019-W11,2700.0,ERVISS
6546,LU,2019/3/24,2019-W12,2100.0,ERVISS
6545,LU,2019/3/31,2019-W13,1700.0,ERVISS
6544,LU,2019/4/7,2019-W14,500.0,ERVISS
6350,LU,2023/10/8,2023-W40,3600.0,ERVISS
6349,LU,2023/10/15,2023-W41,3400.0,ERVISS
6348,LU,2023/10/22,2023-W42,3900.0,ERVISS
6347,LU,2023/10/29,2023-W43,1600.0,ERVISS
6346,LU,2023/11/5,2023-W44,3000.0,ERVISS
6345,LU,2023/11/12,2023-W45,5200.0,ERVISS
6344,LU,2023/11/19,2023-W46,7200.0,ERVISS
6343,LU,2023/11/26,2023-W47,4800.0,ERVISS
6342,LU,2023/12/3,2023-W48,5500.0,ERVISS
6341,LU,2023/12/10,2023-W49,7900.0,ERVISS
6340,LU,2023/12/17,2023-W50,10400.0,ERVISS
6339,LU,2023/12/24,2023-W51,5100.0,ERVISS
6338,LU,2023/12/31,2023-W52,13400.0,ERVISS
6337,LU,2024/1/7,2024-W01,1200.0,ERVISS
6336,LU,2024/1/14,2024-W02,12600.0,ERVISS
6335,LU,2024/1/21,2024-W03,8700.0,ERVISS
6334,LU,2024/1/28,2024-W04,11900.0,ERVISS
6333,LU,2024/2/4,2024-W05,8900.0,ERVISS
6332,LU,2024/2/11,2024-W06,8100.0,ERVISS
6331,LU,2024/2/18,2024-W07,11200.0,ERVISS
6330,LU,2024/2/25,2024-W08,6400.0,ERVISS
6329,LU,2024/3/3,2024-W09,4500.0,ERVISS
6328,LU,2024/3/10,2024-W10,4000.0,ERVISS
6327,LU,2024/3/17,2024-W11,3300.0,ERVISS
6326,LU,2024/3/24,2024-W12,3200.0,ERVISS
6325,LU,2024/3/31,2024-W13,2900.0,ERVISS
6324,LU,2024/4/7,2024-W14,0.0,ERVISS
5690,LV,2017/10/8,2017-W40,0.0,ERVISS
5689,LV,2017/10/15,2017-W41,0.0,ERVISS
5688,LV,2017/10/22,2017-W42,0.0,ERVISS
5687,LV,2017/10/29,2017-W43,0.0,ERVISS
5686,LV,2017/11/5,2017-W44,0.0,ERVISS
5685,LV,2017/11/12,2017-W45,1.0,ERVISS
5684,LV,2017/11/19,2017-W46,0.0,ERVISS
5683,LV,2017/11/26,2017-W47,2.8,ERVISS
5682,LV,2017/12/3,2017-W48,1.0,ERVISS
5681,LV,2017/12/10,2017-W49,5.6,ERVISS
5680,LV,2017/12/17,2017-W50,2.8,ERVISS
5679,LV,2017/12/24,2017-W51,1.9,ERVISS
5678,LV,2017/12/31,2017-W52,8.1,ERVISS
5677,LV,2018/1/7,2018-W01,7.3,ERVISS
5676,LV,2018/1/14,2018-W02,13.7,ERVISS
5675,LV,2018/1/21,2018-W03,9.0,ERVISS
5674,LV,2018/1/28,2018-W04,28.9,ERVISS
5673,LV,2018/2/4,2018-W05,86.7,ERVISS
5672,LV,2018/2/11,2018-W06,97.2,ERVISS
5671,LV,2018/2/18,2018-W07,130.3,ERVISS
5670,LV,2018/2/25,2018-W08,153.9,ERVISS
5669,LV,2018/3/4,2018-W09,235.6,ERVISS
5668,LV,2018/3/11,2018-W10,310.6,ERVISS
5667,LV,2018/3/18,2018-W11,293.0,ERVISS
5666,LV,2018/3/25,2018-W12,255.5,ERVISS
5665,LV,2018/4/1,2018-W13,165.2,ERVISS
5664,LV,2018/4/8,2018-W14,142.6,ERVISS
5657,LV,2018/10/7,2018-W40,0.0,ERVISS
5656,LV,2018/10/14,2018-W41,0.0,ERVISS
5655,LV,2018/10/21,2018-W42,0.0,ERVISS
5654,LV,2018/10/28,2018-W43,0.0,ERVISS
5653,LV,2018/11/4,2018-W44,0.0,ERVISS
5652,LV,2018/11/11,2018-W45,0.0,ERVISS
5651,LV,2018/11/18,2018-W46,0.0,ERVISS
5650,LV,2018/11/25,2018-W47,1.0,ERVISS
5649,LV,2018/12/2,2018-W48,1.9,ERVISS
5648,LV,2018/12/9,2018-W49,10.4,ERVISS
5647,LV,2018/12/16,2018-W50,21.5,ERVISS
5646,LV,2018/12/23,2018-W51,12.4,ERVISS
5645,LV,2018/12/30,2018-W52,17.6,ERVISS
5644,LV,2019/1/6,2019-W01,38.5,ERVISS
5643,LV,2019/1/13,2019-W02,52.8,ERVISS
5642,LV,2019/1/20,2019-W03,169.1,ERVISS
5641,LV,2019/1/27,2019-W04,298.4,ERVISS
5640,LV,2019/2/3,2019-W05,362.1,ERVISS
5639,LV,2019/2/10,2019-W06,363.0,ERVISS
5638,LV,2019/2/17,2019-W07,269.4,ERVISS
5637,LV,2019/2/24,2019-W08,217.4,ERVISS
5636,LV,2019/3/3,2019-W09,128.8,ERVISS
5635,LV,2019/3/10,2019-W10,114.4,ERVISS
5634,LV,2019/3/17,2019-W11,70.7,ERVISS
5633,LV,2019/3/24,2019-W12,43.7,ERVISS
5632,LV,2019/3/31,2019-W13,23.2,ERVISS
5631,LV,2019/4/7,2019-W14,14.6,ERVISS
5489,LV,2023/10/8,2023-W40,6.6,ERVISS
5488,LV,2023/10/15,2023-W41,11.3,ERVISS
5487,LV,2023/10/22,2023-W42,8.6,ERVISS
5486,LV,2023/10/29,2023-W43,11.3,ERVISS
5485,LV,2023/11/5,2023-W44,15.3,ERVISS
5484,LV,2023/11/12,2023-W45,23.5,ERVISS
5483,LV,2023/11/19,2023-W46,26.4,ERVISS
5482,LV,2023/11/26,2023-W47,23.6,ERVISS
5481,LV,2023/12/3,2023-W48,18.4,ERVISS
5480,LV,2023/12/10,2023-W49,21.2,ERVISS
5479,LV,2023/12/17,2023-W50,43.0,ERVISS
5478,LV,2023/12/24,2023-W51,47.1,ERVISS
5477,LV,2023/12/31,2023-W52,62.2,ERVISS
5476,LV,2024/1/7,2024-W01,77.6,ERVISS
5475,LV,2024/1/14,2024-W02,153.9,ERVISS
5474,LV,2024/1/21,2024-W03,256.5,ERVISS
5473,LV,2024/1/28,2024-W04,442.3,ERVISS
5472,LV,2024/2/4,2024-W05,479.7,ERVISS
5471,LV,2024/2/11,2024-W06,519.9,ERVISS
5470,LV,2024/2/18,2024-W07,530.7,ERVISS
5469,LV,2024/2/25,2024-W08,467.2,ERVISS
5468,LV,2024/3/3,2024-W09,442.0,ERVISS
5467,LV,2024/3/10,2024-W10,330.0,ERVISS
5466,LV,2024/3/17,2024-W11,253.8,ERVISS
5465,LV,2024/3/31,2024-W13,144.5,ERVISS
5464,LV,2024/4/7,2024-W14,110.3,ERVISS
6967,MT,2017/10/8,2017-W40,3700.0,ERVISS
6966,MT,2017/10/15,2017-W41,8400.0,ERVISS
6965,MT,2017/10/22,2017-W42,9700.0,ERVISS
6964,MT,2017/10/29,2017-W43,7600.0,ERVISS
6963,MT,2017/11/5,2017-W44,4300.0,ERVISS
6962,MT,2017/11/12,2017-W45,2600.0,ERVISS
6961,MT,2017/11/19,2017-W46,8100.0,ERVISS
6960,MT,2017/11/26,2017-W47,3400.0,ERVISS
6959,MT,2017/12/3,2017-W48,6100.0,ERVISS
6958,MT,2017/12/10,2017-W49,8800.0,ERVISS
6957,MT,2017/12/17,2017-W50,9600.0,ERVISS
6956,MT,2017/12/24,2017-W51,9200.0,ERVISS
6955,MT,2017/12/31,2017-W52,16100.0,ERVISS
6954,MT,2018/1/7,2018-W01,18300.0,ERVISS
6953,MT,2018/1/14,2018-W02,17800.0,ERVISS
6952,MT,2018/1/21,2018-W03,13900.0,ERVISS
6951,MT,2018/1/28,2018-W04,11700.0,ERVISS
6950,MT,2018/2/4,2018-W05,10900.0,ERVISS
6949,MT,2018/2/11,2018-W06,11100.0,ERVISS
6948,MT,2018/2/18,2018-W07,10800.0,ERVISS
6947,MT,2018/2/25,2018-W08,9000.0,ERVISS
6946,MT,2018/3/4,2018-W09,11600.0,ERVISS
6945,MT,2018/3/11,2018-W10,10900.0,ERVISS
6944,MT,2018/3/18,2018-W11,8300.0,ERVISS
6943,MT,2018/3/25,2018-W12,6900.0,ERVISS
6942,MT,2018/4/1,2018-W13,7400.0,ERVISS
6941,MT,2018/4/8,2018-W14,2500.0,ERVISS
6934,MT,2018/10/7,2018-W40,1800.0,ERVISS
6933,MT,2018/10/14,2018-W41,3400.0,ERVISS
6932,MT,2018/10/21,2018-W42,4200.0,ERVISS
6931,MT,2018/10/28,2018-W43,12600.0,ERVISS
6930,MT,2018/11/4,2018-W44,10100.0,ERVISS
6929,MT,2018/11/11,2018-W45,5300.0,ERVISS
6928,MT,2018/11/18,2018-W46,6500.0,ERVISS
6927,MT,2018/11/25,2018-W47,6600.0,ERVISS
6926,MT,2018/12/2,2018-W48,10600.0,ERVISS
6925,MT,2018/12/9,2018-W49,10300.0,ERVISS
6924,MT,2018/12/16,2018-W50,9000.0,ERVISS
6923,MT,2018/12/23,2018-W51,9100.0,ERVISS
6922,MT,2018/12/30,2018-W52,10400.0,ERVISS
6921,MT,2019/1/6,2019-W01,15200.0,ERVISS
6920,MT,2019/1/13,2019-W02,15900.0,ERVISS
6919,MT,2019/1/20,2019-W03,13300.0,ERVISS
6918,MT,2019/1/27,2019-W04,15500.0,ERVISS
6917,MT,2019/2/3,2019-W05,14400.0,ERVISS
6916,MT,2019/2/10,2019-W06,13900.0,ERVISS
6915,MT,2019/2/17,2019-W07,13400.0,ERVISS
6914,MT,2019/2/24,2019-W08,12200.0,ERVISS
6913,MT,2019/3/3,2019-W09,9800.0,ERVISS
6912,MT,2019/3/10,2019-W10,8700.0,ERVISS
6911,MT,2019/3/17,2019-W11,8100.0,ERVISS
6910,MT,2019/3/24,2019-W12,6300.0,ERVISS
6909,MT,2019/3/31,2019-W13,5800.0,ERVISS
6908,MT,2019/4/7,2019-W14,4000.0,ERVISS
6735,MT,2023/10/8,2023-W40,4100.0,ERVISS
6734,MT,2023/10/15,2023-W41,5300.0,ERVISS
6733,MT,2023/10/22,2023-W42,5900.0,ERVISS
6732,MT,2023/10/29,2023-W43,5100.0,ERVISS
6731,MT,2023/11/5,2023-W44,5300.0,ERVISS
6730,MT,2023/11/12,2023-W45,8900.0,ERVISS
6729,MT,2023/11/19,2023-W46,9500.0,ERVISS
6728,MT,2023/11/26,2023-W47,9200.0,ERVISS
6727,MT,2023/12/3,2023-W48,9300.0,ERVISS
6726,MT,2023/12/10,2023-W49,8300.0,ERVISS
6725,MT,2023/12/17,2023-W50,9000.0,ERVISS
6724,MT,2023/12/24,2023-W51,7000.0,ERVISS
6723,MT,2023/12/31,2023-W52,11100.0,ERVISS
6722,MT,2024/1/7,2024-W01,10500.0,ERVISS
6721,MT,2024/1/14,2024-W02,8700.0,ERVISS
6720,MT,2024/1/21,2024-W03,10600.0,ERVISS
6719,MT,2024/1/28,2024-W04,10000.0,ERVISS
6718,MT,2024/2/4,2024-W05,7900.0,ERVISS
6717,MT,2024/2/11,2024-W06,9900.0,ERVISS
6716,MT,2024/2/18,2024-W07,8900.0,ERVISS
6715,MT,2024/2/25,2024-W08,8400.0,ERVISS
6714,MT,2024/3/3,2024-W09,7300.0,ERVISS
6713,MT,2024/3/10,2024-W10,9700.0,ERVISS
6712,MT,2024/3/17,2024-W11,7200.0,ERVISS
6711,MT,2024/3/24,2024-W12,5000.0,ERVISS
6710,MT,2024/3/31,2024-W13,4900.0,ERVISS
6709,MT,2024/4/7,2024-W14,1900.0,ERVISS
7429,NL,2017/10/8,2017-W40,33.0,ERVISS
7428,NL,2017/10/15,2017-W41,37.5,ERVISS
7427,NL,2017/10/22,2017-W42,33.4,ERVISS
7426,NL,2017/10/29,2017-W43,23.4,ERVISS
7425,NL,2017/11/5,2017-W44,24.2,ERVISS
7424,NL,2017/11/12,2017-W45,42.1,ERVISS
7423,NL,2017/11/19,2017-W46,32.9,ERVISS
7422,NL,2017/11/26,2017-W47,30.9,ERVISS
7421,NL,2017/12/3,2017-W48,37.9,ERVISS
7420,NL,2017/12/10,2017-W49,36.4,ERVISS
7419,NL,2017/12/17,2017-W50,52.0,ERVISS
7418,NL,2017/12/24,2017-W51,83.9,ERVISS
7417,NL,2017/12/31,2017-W52,54.1,ERVISS
7416,NL,2018/1/7,2018-W01,83.0,ERVISS
7415,NL,2018/1/14,2018-W02,98.3,ERVISS
7414,NL,2018/1/21,2018-W03,110.2,ERVISS
7413,NL,2018/1/28,2018-W04,166.0,ERVISS
7412,NL,2018/2/4,2018-W05,161.6,ERVISS
7411,NL,2018/2/11,2018-W06,156.4,ERVISS
7410,NL,2018/2/18,2018-W07,145.2,ERVISS
7409,NL,2018/2/25,2018-W08,162.9,ERVISS
7408,NL,2018/3/4,2018-W09,166.0,ERVISS
7407,NL,2018/3/11,2018-W10,169.7,ERVISS
7406,NL,2018/3/18,2018-W11,116.2,ERVISS
7405,NL,2018/3/25,2018-W12,85.2,ERVISS
7404,NL,2018/4/1,2018-W13,69.8,ERVISS
7403,NL,2018/4/8,2018-W14,50.5,ERVISS
7377,NL,2018/10/7,2018-W40,25.7,ERVISS
7376,NL,2018/10/14,2018-W41,47.6,ERVISS
7375,NL,2018/10/21,2018-W42,41.2,ERVISS
7374,NL,2018/10/28,2018-W43,19.0,ERVISS
7373,NL,2018/11/4,2018-W44,38.6,ERVISS
7372,NL,2018/11/11,2018-W45,45.5,ERVISS
7371,NL,2018/11/18,2018-W46,32.4,ERVISS
7370,NL,2018/11/25,2018-W47,50.4,ERVISS
7369,NL,2018/12/2,2018-W48,53.6,ERVISS
7368,NL,2018/12/9,2018-W49,47.4,ERVISS
7367,NL,2018/12/16,2018-W50,62.8,ERVISS
7366,NL,2018/12/23,2018-W51,69.5,ERVISS
7365,NL,2018/12/30,2018-W52,37.4,ERVISS
7364,NL,2019/1/6,2019-W01,51.0,ERVISS
7363,NL,2019/1/13,2019-W02,78.7,ERVISS
7362,NL,2019/1/20,2019-W03,74.7,ERVISS
7361,NL,2019/1/27,2019-W04,67.1,ERVISS
7360,NL,2019/2/3,2019-W05,59.4,ERVISS
7359,NL,2019/2/10,2019-W06,107.5,ERVISS
7358,NL,2019/2/17,2019-W07,90.7,ERVISS
7357,NL,2019/2/24,2019-W08,76.3,ERVISS
7356,NL,2019/3/3,2019-W09,54.3,ERVISS
7355,NL,2019/3/10,2019-W10,61.2,ERVISS
7354,NL,2019/3/17,2019-W11,57.2,ERVISS
7353,NL,2019/3/24,2019-W12,36.6,ERVISS
7352,NL,2019/3/31,2019-W13,33.7,ERVISS
7351,NL,2019/4/7,2019-W14,35.1,ERVISS
7116,NL,2023/10/8,2023-W40,19.7,ERVISS
7115,NL,2023/10/15,2023-W41,21.3,ERVISS
7114,NL,2023/10/22,2023-W42,27.9,ERVISS
7113,NL,2023/10/29,2023-W43,19.7,ERVISS
7112,NL,2023/11/5,2023-W44,35.3,ERVISS
7111,NL,2023/11/12,2023-W45,33.4,ERVISS
7110,NL,2023/11/19,2023-W46,44.1,ERVISS
7109,NL,2023/11/26,2023-W47,45.9,ERVISS
7108,NL,2023/12/3,2023-W48,37.9,ERVISS
7107,NL,2023/12/10,2023-W49,49.1,ERVISS
7106,NL,2023/12/17,2023-W50,60.3,ERVISS
7105,NL,2023/12/24,2023-W51,49.5,ERVISS
7104,NL,2023/12/31,2023-W52,27.5,ERVISS
7103,NL,2024/1/7,2024-W01,42.7,ERVISS
7102,NL,2024/1/14,2024-W02,54.5,ERVISS
7101,NL,2024/1/21,2024-W03,66.9,ERVISS
7100,NL,2024/1/28,2024-W04,73.7,ERVISS
7099,NL,2024/2/4,2024-W05,73.7,ERVISS
7098,NL,2024/2/11,2024-W06,68.6,ERVISS
7097,NL,2024/2/18,2024-W07,55.1,ERVISS
7096,NL,2024/2/25,2024-W08,48.8,ERVISS
7095,NL,2024/3/3,2024-W09,41.4,ERVISS
7094,NL,2024/3/10,2024-W10,39.7,ERVISS
7093,NL,2024/3/17,2024-W11,26.8,ERVISS
7092,NL,2024/3/24,2024-W12,23.3,ERVISS
7091,NL,2024/3/31,2024-W13,21.9,ERVISS
7090,NL,2024/4/7,2024-W14,16.6,ERVISS
7869,NO,2017/10/8,2017-W40,22.3,ERVISS
7868,NO,2017/10/15,2017-W41,23.8,ERVISS
7867,NO,2017/10/22,2017-W42,26.0,ERVISS
7866,NO,2017/10/29,2017-W43,28.5,ERVISS
7865,NO,2017/11/5,2017-W44,29.3,ERVISS
7864,NO,2017/11/12,2017-W45,33.8,ERVISS
7863,NO,2017/11/19,2017-W46,34.7,ERVISS
7862,NO,2017/11/26,2017-W47,38.4,ERVISS
7861,NO,2017/12/3,2017-W48,41.6,ERVISS
7860,NO,2017/12/10,2017-W49,49.4,ERVISS
7859,NO,2017/12/17,2017-W50,60.0,ERVISS
7858,NO,2017/12/24,2017-W51,80.0,ERVISS
7857,NO,2017/12/31,2017-W52,68.4,ERVISS
7856,NO,2018/1/7,2018-W01,169.3,ERVISS
7855,NO,2018/1/14,2018-W02,195.2,ERVISS
7854,NO,2018/1/21,2018-W03,197.3,ERVISS
7853,NO,2018/1/28,2018-W04,231.3,ERVISS
7852,NO,2018/2/4,2018-W05,264.3,ERVISS
7851,NO,2018/2/11,2018-W06,285.1,ERVISS
7850,NO,2018/2/18,2018-W07,292.4,ERVISS
7849,NO,2018/2/25,2018-W08,250.8,ERVISS
7848,NO,2018/3/4,2018-W09,226.5,ERVISS
7847,NO,2018/3/11,2018-W10,206.3,ERVISS
7846,NO,2018/3/18,2018-W11,165.6,ERVISS
7845,NO,2018/3/25,2018-W12,145.0,ERVISS
7844,NO,2018/4/1,2018-W13,52.8,ERVISS
7843,NO,2018/4/8,2018-W14,73.9,ERVISS
7836,NO,2018/10/7,2018-W40,17.9,ERVISS
7835,NO,2018/10/14,2018-W41,20.2,ERVISS
7834,NO,2018/10/21,2018-W42,21.2,ERVISS
7833,NO,2018/10/28,2018-W43,21.5,ERVISS
7832,NO,2018/11/4,2018-W44,24.5,ERVISS
7831,NO,2018/11/11,2018-W45,25.8,ERVISS
7830,NO,2018/11/18,2018-W46,26.9,ERVISS
7829,NO,2018/11/25,2018-W47,29.9,ERVISS
7828,NO,2018/12/2,2018-W48,36.0,ERVISS
7827,NO,2018/12/9,2018-W49,37.7,ERVISS
7826,NO,2018/12/16,2018-W50,41.0,ERVISS
7825,NO,2018/12/23,2018-W51,46.9,ERVISS
7824,NO,2018/12/30,2018-W52,27.0,ERVISS
7823,NO,2019/1/6,2019-W01,51.2,ERVISS
7822,NO,2019/1/13,2019-W02,90.1,ERVISS
7821,NO,2019/1/20,2019-W03,92.0,ERVISS
7820,NO,2019/1/27,2019-W04,109.4,ERVISS
7819,NO,2019/2/3,2019-W05,133.1,ERVISS
7818,NO,2019/2/10,2019-W06,167.3,ERVISS
7817,NO,2019/2/17,2019-W07,180.4,ERVISS
7816,NO,2019/2/24,2019-W08,155.0,ERVISS
7815,NO,2019/3/3,2019-W09,130.2,ERVISS
7814,NO,2019/3/10,2019-W10,109.3,ERVISS
7813,NO,2019/3/17,2019-W11,89.4,ERVISS
7812,NO,2019/3/24,2019-W12,68.1,ERVISS
7811,NO,2019/3/31,2019-W13,57.5,ERVISS
7810,NO,2019/4/7,2019-W14,46.7,ERVISS
7638,NO,2023/10/8,2023-W40,19.3,ERVISS
7637,NO,2023/10/15,2023-W41,22.3,ERVISS
7636,NO,2023/10/22,2023-W42,26.1,ERVISS
7635,NO,2023/10/29,2023-W43,27.7,ERVISS
7634,NO,2023/11/5,2023-W44,31.2,ERVISS
7633,NO,2023/11/12,2023-W45,36.3,ERVISS
7632,NO,2023/11/19,2023-W46,37.7,ERVISS
7631,NO,2023/11/26,2023-W47,44.3,ERVISS
7630,NO,2023/12/3,2023-W48,49.1,ERVISS
7629,NO,2023/12/10,2023-W49,56.5,ERVISS
7628,NO,2023/12/17,2023-W50,64.8,ERVISS
7627,NO,2023/12/24,2023-W51,63.3,ERVISS
7626,NO,2023/12/31,2023-W52,32.9,ERVISS
7625,NO,2024/1/7,2024-W01,67.0,ERVISS
7624,NO,2024/1/14,2024-W02,65.2,ERVISS
7623,NO,2024/1/21,2024-W03,60.7,ERVISS
7622,NO,2024/1/28,2024-W04,62.4,ERVISS
7621,NO,2024/2/4,2024-W05,57.8,ERVISS
7620,NO,2024/2/11,2024-W06,55.9,ERVISS
7619,NO,2024/2/18,2024-W07,55.5,ERVISS
7618,NO,2024/2/25,2024-W08,54.6,ERVISS
7617,NO,2024/3/3,2024-W09,50.9,ERVISS
7616,NO,2024/3/10,2024-W10,40.9,ERVISS
7615,NO,2024/3/17,2024-W11,36.3,ERVISS
7614,NO,2024/3/24,2024-W12,36.4,ERVISS
7613,NO,2024/3/31,2024-W13,12.1,ERVISS
7612,NO,2024/4/7,2024-W14,23.1,ERVISS
8332,PL,2017/10/8,2017-W40,354.8,ERVISS
8331,PL,2017/10/15,2017-W41,341.2,ERVISS
8330,PL,2017/10/22,2017-W42,318.0,ERVISS
8329,PL,2017/10/29,2017-W43,304.8,ERVISS
8328,PL,2017/11/5,2017-W44,250.5,ERVISS
8327,PL,2017/11/12,2017-W45,324.1,ERVISS
8326,PL,2017/11/19,2017-W46,349.9,ERVISS
8325,PL,2017/11/26,2017-W47,341.6,ERVISS
8324,PL,2017/12/3,2017-W48,412.7,ERVISS
8323,PL,2017/12/10,2017-W49,415.2,ERVISS
8322,PL,2017/12/17,2017-W50,356.8,ERVISS
8321,PL,2017/12/24,2017-W51,433.5,ERVISS
8320,PL,2017/12/31,2017-W52,268.7,ERVISS
8319,PL,2018/1/7,2018-W01,273.5,ERVISS
8318,PL,2018/1/14,2018-W02,334.7,ERVISS
8317,PL,2018/1/21,2018-W03,513.4,ERVISS
8316,PL,2018/1/28,2018-W04,606.4,ERVISS
8315,PL,2018/2/4,2018-W05,796.0,ERVISS
8314,PL,2018/2/11,2018-W06,766.0,ERVISS
8313,PL,2018/2/18,2018-W07,815.1,ERVISS
8312,PL,2018/2/25,2018-W08,706.9,ERVISS
8311,PL,2018/3/4,2018-W09,698.4,ERVISS
8310,PL,2018/3/11,2018-W10,637.0,ERVISS
8309,PL,2018/3/18,2018-W11,564.5,ERVISS
8308,PL,2018/3/25,2018-W12,461.2,ERVISS
8307,PL,2018/4/1,2018-W13,385.8,ERVISS
8306,PL,2018/4/8,2018-W14,395.7,ERVISS
8280,PL,2018/10/7,2018-W40,306.3,ERVISS
8279,PL,2018/10/14,2018-W41,288.7,ERVISS
8278,PL,2018/10/21,2018-W42,323.9,ERVISS
8277,PL,2018/10/28,2018-W43,345.4,ERVISS
8276,PL,2018/11/4,2018-W44,252.9,ERVISS
8275,PL,2018/11/11,2018-W45,263.1,ERVISS
8274,PL,2018/11/18,2018-W46,281.8,ERVISS
8273,PL,2018/11/25,2018-W47,371.9,ERVISS
8272,PL,2018/12/2,2018-W48,414.6,ERVISS
8271,PL,2018/12/9,2018-W49,441.2,ERVISS
8270,PL,2018/12/16,2018-W50,469.4,ERVISS
8269,PL,2018/12/23,2018-W51,395.2,ERVISS
8268,PL,2018/12/30,2018-W52,319.1,ERVISS
8267,PL,2019/1/6,2019-W01,312.7,ERVISS
8266,PL,2019/1/13,2019-W02,334.7,ERVISS
8265,PL,2019/1/20,2019-W03,351.7,ERVISS
8264,PL,2019/1/27,2019-W04,388.1,ERVISS
8263,PL,2019/2/3,2019-W05,416.4,ERVISS
8262,PL,2019/2/10,2019-W06,534.2,ERVISS
8261,PL,2019/2/17,2019-W07,510.2,ERVISS
8260,PL,2019/2/24,2019-W08,498.4,ERVISS
8259,PL,2019/3/3,2019-W09,456.3,ERVISS
8258,PL,2019/3/10,2019-W10,344.4,ERVISS
8257,PL,2019/3/17,2019-W11,415.9,ERVISS
8256,PL,2019/3/24,2019-W12,398.2,ERVISS
8255,PL,2019/3/31,2019-W13,323.2,ERVISS
8254,PL,2019/4/7,2019-W14,252.9,ERVISS
8021,PL,2023/10/8,2023-W40,219.8,ERVISS
8020,PL,2023/10/15,2023-W41,274.9,ERVISS
8019,PL,2023/10/22,2023-W42,316.9,ERVISS
8018,PL,2023/10/29,2023-W43,332.3,ERVISS
8017,PL,2023/11/5,2023-W44,301.9,ERVISS
8016,PL,2023/11/12,2023-W45,339.8,ERVISS
8015,PL,2023/11/19,2023-W46,355.3,ERVISS
8014,PL,2023/11/26,2023-W47,385.7,ERVISS
8013,PL,2023/12/3,2023-W48,786.6,ERVISS
8012,PL,2023/12/10,2023-W49,491.5,ERVISS
8011,PL,2023/12/17,2023-W50,504.7,ERVISS
8010,PL,2023/12/24,2023-W51,344.5,ERVISS
8009,PL,2023/12/31,2023-W52,323.5,ERVISS
8008,PL,2024/1/7,2024-W01,383.4,ERVISS
8007,PL,2024/1/14,2024-W02,445.8,ERVISS
8006,PL,2024/1/21,2024-W03,456.6,ERVISS
8005,PL,2024/1/28,2024-W04,474.8,ERVISS
8004,PL,2024/2/4,2024-W05,512.0,ERVISS
8003,PL,2024/2/11,2024-W06,498.1,ERVISS
8002,PL,2024/2/18,2024-W07,389.1,ERVISS
8001,PL,2024/2/25,2024-W08,347.7,ERVISS
8000,PL,2024/3/3,2024-W09,318.2,ERVISS
7999,PL,2024/3/10,2024-W10,322.9,ERVISS
7998,PL,2024/3/17,2024-W11,328.7,ERVISS
7997,PL,2024/3/24,2024-W12,322.6,ERVISS
7996,PL,2024/3/31,2024-W13,322.0,ERVISS
7995,PL,2024/4/7,2024-W14,239.1,ERVISS
8765,PT,2017/10/8,2017-W40,4.6,ERVISS
8764,PT,2017/10/15,2017-W41,0.0,ERVISS
8763,PT,2017/10/22,2017-W42,7.7,ERVISS
8762,PT,2017/10/29,2017-W43,6.2,ERVISS
8761,PT,2017/11/5,2017-W44,7.3,ERVISS
8760,PT,2017/11/12,2017-W45,6.4,ERVISS
8759,PT,2017/11/19,2017-W46,9.8,ERVISS
8758,PT,2017/11/26,2017-W47,11.7,ERVISS
8757,PT,2017/12/3,2017-W48,14.6,ERVISS
8756,PT,2017/12/10,2017-W49,3.6,ERVISS
8755,PT,2017/12/17,2017-W50,19.0,ERVISS
8754,PT,2017/12/24,2017-W51,9.7,ERVISS
8753,PT,2017/12/31,2017-W52,55.7,ERVISS
8752,PT,2018/1/7,2018-W01,48.7,ERVISS
8751,PT,2018/1/14,2018-W02,33.5,ERVISS
8750,PT,2018/1/21,2018-W03,58.7,ERVISS
8749,PT,2018/1/28,2018-W04,39.5,ERVISS
8748,PT,2018/2/4,2018-W05,35.0,ERVISS
8747,PT,2018/2/11,2018-W06,25.3,ERVISS
8746,PT,2018/2/18,2018-W07,30.4,ERVISS
8745,PT,2018/2/25,2018-W08,23.7,ERVISS
8744,PT,2018/3/4,2018-W09,16.1,ERVISS
8743,PT,2018/3/11,2018-W10,15.8,ERVISS
8742,PT,2018/3/18,2018-W11,26.2,ERVISS
8741,PT,2018/3/25,2018-W12,4.5,ERVISS
8740,PT,2018/4/1,2018-W13,0.0,ERVISS
8739,PT,2018/4/8,2018-W14,14.7,ERVISS
8714,PT,2018/10/7,2018-W40,4.2,ERVISS
8713,PT,2018/10/14,2018-W41,0.0,ERVISS
8712,PT,2018/10/21,2018-W42,6.2,ERVISS
8711,PT,2018/10/28,2018-W43,10.9,ERVISS
8710,PT,2018/11/4,2018-W44,6.1,ERVISS
8709,PT,2018/11/11,2018-W45,14.6,ERVISS
8708,PT,2018/11/18,2018-W46,8.1,ERVISS
8707,PT,2018/11/25,2018-W47,0.0,ERVISS
8706,PT,2018/12/2,2018-W48,7.9,ERVISS
8705,PT,2018/12/9,2018-W49,22.7,ERVISS
8704,PT,2018/12/16,2018-W50,6.6,ERVISS
8703,PT,2018/12/23,2018-W51,16.3,ERVISS
8702,PT,2018/12/30,2018-W52,22.4,ERVISS
8701,PT,2019/1/6,2019-W01,81.6,ERVISS
8700,PT,2019/1/13,2019-W02,40.7,ERVISS
8699,PT,2019/1/20,2019-W03,82.4,ERVISS
8698,PT,2019/1/27,2019-W04,84.8,ERVISS
8697,PT,2019/2/3,2019-W05,60.3,ERVISS
8696,PT,2019/2/10,2019-W06,37.7,ERVISS
8695,PT,2019/2/17,2019-W07,27.0,ERVISS
8694,PT,2019/2/24,2019-W08,46.6,ERVISS
8693,PT,2019/3/3,2019-W09,22.8,ERVISS
8692,PT,2019/3/10,2019-W10,42.6,ERVISS
8691,PT,2019/3/17,2019-W11,3.5,ERVISS
8690,PT,2019/3/24,2019-W12,8.5,ERVISS
8689,PT,2019/3/31,2019-W13,0.0,ERVISS
8688,PT,2019/4/7,2019-W14,0.0,ERVISS
9274,RO,2017/10/8,2017-W40,0.2,ERVISS
9273,RO,2017/10/15,2017-W41,1.9,ERVISS
9272,RO,2017/10/22,2017-W42,0.7,ERVISS
9271,RO,2017/10/29,2017-W43,1.4,ERVISS
9270,RO,2017/11/5,2017-W44,0.7,ERVISS
9269,RO,2017/11/12,2017-W45,0.7,ERVISS
9268,RO,2017/11/19,2017-W46,0.7,ERVISS
9267,RO,2017/11/26,2017-W47,1.4,ERVISS
9266,RO,2017/12/3,2017-W48,0.0,ERVISS
9265,RO,2017/12/10,2017-W49,1.2,ERVISS
9264,RO,2017/12/17,2017-W50,1.2,ERVISS
9263,RO,2017/12/24,2017-W51,2.2,ERVISS
9262,RO,2017/12/31,2017-W52,1.5,ERVISS
9261,RO,2018/1/7,2018-W01,0.7,ERVISS
9260,RO,2018/1/14,2018-W02,3.5,ERVISS
9259,RO,2018/1/21,2018-W03,4.5,ERVISS
9258,RO,2018/1/28,2018-W04,4.2,ERVISS
9257,RO,2018/2/4,2018-W05,8.4,ERVISS
9256,RO,2018/2/11,2018-W06,31.8,ERVISS
9255,RO,2018/2/18,2018-W07,33.1,ERVISS
9254,RO,2018/2/25,2018-W08,20.1,ERVISS
9253,RO,2018/3/4,2018-W09,18.6,ERVISS
9252,RO,2018/3/11,2018-W10,12.9,ERVISS
9251,RO,2018/3/18,2018-W11,11.7,ERVISS
9250,RO,2018/3/25,2018-W12,6.6,ERVISS
9249,RO,2018/4/1,2018-W13,4.2,ERVISS
9248,RO,2018/4/8,2018-W14,1.5,ERVISS
9222,RO,2018/10/7,2018-W40,0.7,ERVISS
9221,RO,2018/10/14,2018-W41,1.2,ERVISS
9220,RO,2018/10/21,2018-W42,0.7,ERVISS
9219,RO,2018/10/28,2018-W43,0.7,ERVISS
9218,RO,2018/11/4,2018-W44,0.5,ERVISS
9217,RO,2018/11/11,2018-W45,1.6,ERVISS
9216,RO,2018/11/18,2018-W46,1.4,ERVISS
9215,RO,2018/11/25,2018-W47,1.9,ERVISS
9214,RO,2018/12/2,2018-W48,2.8,ERVISS
9213,RO,2018/12/9,2018-W49,1.9,ERVISS
9212,RO,2018/12/16,2018-W50,0.9,ERVISS
9211,RO,2018/12/23,2018-W51,1.2,ERVISS
9210,RO,2018/12/30,2018-W52,0.2,ERVISS
9209,RO,2019/1/6,2019-W01,7.0,ERVISS
9208,RO,2019/1/13,2019-W02,4.2,ERVISS
9207,RO,2019/1/20,2019-W03,6.3,ERVISS
9206,RO,2019/1/27,2019-W04,15.2,ERVISS
9205,RO,2019/2/3,2019-W05,20.2,ERVISS
9204,RO,2019/2/10,2019-W06,14.2,ERVISS
9203,RO,2019/2/17,2019-W07,10.2,ERVISS
9202,RO,2019/2/24,2019-W08,5.4,ERVISS
9201,RO,2019/3/3,2019-W09,5.7,ERVISS
9200,RO,2019/3/10,2019-W10,5.4,ERVISS
9199,RO,2019/3/17,2019-W11,4.7,ERVISS
9198,RO,2019/3/24,2019-W12,2.8,ERVISS
9197,RO,2019/3/31,2019-W13,3.3,ERVISS
9196,RO,2019/4/7,2019-W14,3.7,ERVISS
8970,RO,2023/10/8,2023-W40,0.0,ERVISS
8969,RO,2023/10/15,2023-W41,0.0,ERVISS
8968,RO,2023/10/22,2023-W42,0.0,ERVISS
8967,RO,2023/10/29,2023-W43,0.5,ERVISS
8966,RO,2023/11/5,2023-W44,0.7,ERVISS
8965,RO,2023/11/12,2023-W45,0.7,ERVISS
8964,RO,2023/11/19,2023-W46,0.7,ERVISS
8963,RO,2023/11/26,2023-W47,1.0,ERVISS
8962,RO,2023/12/3,2023-W48,0.2,ERVISS
8961,RO,2023/12/10,2023-W49,1.6,ERVISS
8960,RO,2023/12/17,2023-W50,0.7,ERVISS
8959,RO,2023/12/24,2023-W51,3.4,ERVISS
8958,RO,2023/12/31,2023-W52,1.5,ERVISS
8957,RO,2024/1/7,2024-W01,8.6,ERVISS
8956,RO,2024/1/14,2024-W02,11.3,ERVISS
8955,RO,2024/1/21,2024-W03,20.7,ERVISS
8954,RO,2024/1/28,2024-W04,36.9,ERVISS
8953,RO,2024/2/4,2024-W05,36.6,ERVISS
8952,RO,2024/2/11,2024-W06,33.0,ERVISS
8951,RO,2024/2/18,2024-W07,24.1,ERVISS
8950,RO,2024/2/25,2024-W08,9.8,ERVISS
8949,RO,2024/3/3,2024-W09,6.4,ERVISS
8948,RO,2024/3/10,2024-W10,2.3,ERVISS
8947,RO,2024/3/17,2024-W11,1.9,ERVISS
8946,RO,2024/3/24,2024-W12,2.6,ERVISS
8945,RO,2024/3/31,2024-W13,1.2,ERVISS
8944,RO,2024/4/7,2024-W14,0.9,ERVISS
10240,SI,2017/10/8,2017-W40,0.0,ERVISS
10239,SI,2017/10/15,2017-W41,0.0,ERVISS
10238,SI,2017/10/22,2017-W42,0.0,ERVISS
10237,SI,2017/10/29,2017-W43,1.3,ERVISS
10236,SI,2017/11/5,2017-W44,0.0,ERVISS
10235,SI,2017/11/12,2017-W45,0.0,ERVISS
10234,SI,2017/11/19,2017-W46,0.0,ERVISS
10233,SI,2017/11/26,2017-W47,0.0,ERVISS
10232,SI,2017/12/3,2017-W48,0.0,ERVISS
10231,SI,2017/12/10,2017-W49,0.0,ERVISS
10230,SI,2017/12/17,2017-W50,2.5,ERVISS
10229,SI,2017/12/24,2017-W51,1.7,ERVISS
10228,SI,2017/12/31,2017-W52,0.0,ERVISS
10227,SI,2018/1/7,2018-W01,15.5,ERVISS
10226,SI,2018/1/14,2018-W02,19.4,ERVISS
10225,SI,2018/1/21,2018-W03,37.1,ERVISS
10224,SI,2018/1/28,2018-W04,63.1,ERVISS
10223,SI,2018/2/4,2018-W05,81.5,ERVISS
10222,SI,2018/2/11,2018-W06,63.1,ERVISS
10221,SI,2018/2/18,2018-W07,53.2,ERVISS
10220,SI,2018/2/25,2018-W08,59.7,ERVISS
10219,SI,2018/3/4,2018-W09,32.9,ERVISS
10218,SI,2018/3/11,2018-W10,51.2,ERVISS
10217,SI,2018/3/18,2018-W11,41.0,ERVISS
10216,SI,2018/3/25,2018-W12,18.5,ERVISS
10215,SI,2018/4/1,2018-W13,20.5,ERVISS
10214,SI,2018/4/8,2018-W14,5.2,ERVISS
10188,SI,2018/10/7,2018-W40,1.3,ERVISS
10187,SI,2018/10/14,2018-W41,0.0,ERVISS
10186,SI,2018/10/21,2018-W42,0.0,ERVISS
10185,SI,2018/10/28,2018-W43,0.0,ERVISS
10184,SI,2018/11/4,2018-W44,0.0,ERVISS
10183,SI,2018/11/11,2018-W45,0.0,ERVISS
10182,SI,2018/11/18,2018-W46,1.3,ERVISS
10181,SI,2018/11/25,2018-W47,0.0,ERVISS
10180,SI,2018/12/2,2018-W48,0.0,ERVISS
10179,SI,2018/12/9,2018-W49,0.0,ERVISS
10178,SI,2018/12/16,2018-W50,1.3,ERVISS
10177,SI,2018/12/23,2018-W51,6.2,ERVISS
10176,SI,2018/12/30,2018-W52,0.0,ERVISS
10175,SI,2019/1/6,2019-W01,3.4,ERVISS
10174,SI,2019/1/13,2019-W02,16.9,ERVISS
10173,SI,2019/1/20,2019-W03,34.6,ERVISS
10172,SI,2019/1/27,2019-W04,65.4,ERVISS
10171,SI,2019/2/3,2019-W05,84.8,ERVISS
10170,SI,2019/2/10,2019-W06,70.4,ERVISS
10169,SI,2019/2/17,2019-W07,98.2,ERVISS
10168,SI,2019/2/24,2019-W08,56.3,ERVISS
10167,SI,2019/3/3,2019-W09,28.3,ERVISS
10166,SI,2019/3/10,2019-W10,8.0,ERVISS
10165,SI,2019/3/17,2019-W11,23.7,ERVISS
10164,SI,2019/3/24,2019-W12,9.1,ERVISS
10163,SI,2019/3/31,2019-W13,0.0,ERVISS
10162,SI,2019/4/7,2019-W14,11.7,ERVISS
9927,SI,2023/10/8,2023-W40,0.0,ERVISS
9926,SI,2023/10/15,2023-W41,2.2,ERVISS
9925,SI,2023/10/22,2023-W42,1.1,ERVISS
9924,SI,2023/10/29,2023-W43,2.4,ERVISS
9923,SI,2023/11/5,2023-W44,4.4,ERVISS
9922,SI,2023/11/12,2023-W45,2.3,ERVISS
9921,SI,2023/11/19,2023-W46,3.4,ERVISS
9920,SI,2023/11/26,2023-W47,3.5,ERVISS
9919,SI,2023/12/3,2023-W48,0.0,ERVISS
9918,SI,2023/12/10,2023-W49,6.7,ERVISS
9917,SI,2023/12/17,2023-W50,11.7,ERVISS
9916,SI,2023/12/24,2023-W51,26.6,ERVISS
9915,SI,2023/12/31,2023-W52,30.6,ERVISS
9914,SI,2024/1/7,2024-W01,16.9,ERVISS
9913,SI,2024/1/14,2024-W02,46.4,ERVISS
9912,SI,2024/1/21,2024-W03,99.6,ERVISS
9911,SI,2024/1/28,2024-W04,125.6,ERVISS
9910,SI,2024/2/4,2024-W05,147.3,ERVISS
9909,SI,2024/2/11,2024-W06,129.1,ERVISS
9908,SI,2024/2/18,2024-W07,124.0,ERVISS
9907,SI,2024/2/25,2024-W08,70.3,ERVISS
9906,SI,2024/3/3,2024-W09,50.8,ERVISS
9905,SI,2024/3/10,2024-W10,11.8,ERVISS
9904,SI,2024/3/17,2024-W11,15.5,ERVISS
9903,SI,2024/3/24,2024-W12,3.5,ERVISS
9902,SI,2024/3/31,2024-W13,3.4,ERVISS
9901,SI,2024/4/7,2024-W14,1.1,ERVISS
9720,SK,2017/10/8,2017-W40,158.2,ERVISS
9719,SK,2017/10/15,2017-W41,142.9,ERVISS
9718,SK,2017/10/22,2017-W42,128.6,ERVISS
9717,SK,2017/10/29,2017-W43,130.6,ERVISS
9716,SK,2017/11/5,2017-W44,109.6,ERVISS
9715,SK,2017/11/12,2017-W45,113.9,ERVISS
9714,SK,2017/11/19,2017-W46,104.9,ERVISS
9713,SK,2017/11/26,2017-W47,129.7,ERVISS
9712,SK,2017/12/3,2017-W48,154.3,ERVISS
9711,SK,2017/12/10,2017-W49,150.5,ERVISS
9710,SK,2017/12/17,2017-W50,156.6,ERVISS
9709,SK,2017/12/24,2017-W51,152.6,ERVISS
9708,SK,2017/12/31,2017-W52,108.0,ERVISS
9707,SK,2018/1/7,2018-W01,93.7,ERVISS
9706,SK,2018/1/14,2018-W02,157.0,ERVISS
9705,SK,2018/1/21,2018-W03,214.1,ERVISS
9704,SK,2018/1/28,2018-W04,217.4,ERVISS
9703,SK,2018/2/4,2018-W05,725.6,ERVISS
9702,SK,2018/2/11,2018-W06,837.7,ERVISS
9701,SK,2018/2/18,2018-W07,941.1,ERVISS
9700,SK,2018/2/25,2018-W08,861.3,ERVISS
9699,SK,2018/3/4,2018-W09,653.0,ERVISS
9698,SK,2018/3/11,2018-W10,328.7,ERVISS
9697,SK,2018/3/18,2018-W11,254.5,ERVISS
9696,SK,2018/3/25,2018-W12,198.7,ERVISS
9695,SK,2018/4/1,2018-W13,140.2,ERVISS
9694,SK,2018/4/8,2018-W14,107.2,ERVISS
9668,SK,2018/10/7,2018-W40,123.4,ERVISS
9667,SK,2018/10/14,2018-W41,127.2,ERVISS
9666,SK,2018/10/21,2018-W42,114.7,ERVISS
9665,SK,2018/10/28,2018-W43,113.2,ERVISS
9664,SK,2018/11/4,2018-W44,72.8,ERVISS
9663,SK,2018/11/11,2018-W45,109.1,ERVISS
9662,SK,2018/11/18,2018-W46,115.1,ERVISS
9661,SK,2018/11/25,2018-W47,114.9,ERVISS
9660,SK,2018/12/2,2018-W48,143.4,ERVISS
9659,SK,2018/12/9,2018-W49,149.2,ERVISS
9658,SK,2018/12/16,2018-W50,165.7,ERVISS
9657,SK,2018/12/23,2018-W51,182.3,ERVISS
9656,SK,2018/12/30,2018-W52,44.7,ERVISS
9655,SK,2019/1/6,2019-W01,68.6,ERVISS
9654,SK,2019/1/13,2019-W02,156.8,ERVISS
9653,SK,2019/1/20,2019-W03,149.7,ERVISS
9652,SK,2019/1/27,2019-W04,217.4,ERVISS
9651,SK,2019/2/3,2019-W05,352.4,ERVISS
9650,SK,2019/2/10,2019-W06,506.4,ERVISS
9649,SK,2019/2/17,2019-W07,573.9,ERVISS
9648,SK,2019/2/24,2019-W08,499.7,ERVISS
9647,SK,2019/3/3,2019-W09,374.1,ERVISS
9646,SK,2019/3/10,2019-W10,241.3,ERVISS
9645,SK,2019/3/17,2019-W11,193.2,ERVISS
9644,SK,2019/3/24,2019-W12,138.9,ERVISS
9643,SK,2019/3/31,2019-W13,120.6,ERVISS
9642,SK,2019/4/7,2019-W14,97.3,ERVISS
